{
    "en:pt": {
        "A SURMISE (A CONJECTURE  SUSPI­ CION) (TO ASSUME ON SMALL EVI­ DENCE) ": " Conjectura / Suposição",
        "A.C.L.S ": "Advanced Cardiovascular Life Support",
        "A.E.D ": "Automated External Defibrillator",
        "A.S.A.P. (AS SOON AS POSSIBLE) ": "O mais rapidamente possível",
        "A.V.C. (ABERRANT VENTRICULAR CON­ DUCTION) ": "Não significa Acidente Vascular Cerebral, um AVC em inglês é um “ stroke”",
        "ABDOMINAL FEVER / TYPHOID FEVER ": "Febre tifoide",
        "ABSENTMINDED ": "Distraído / Desatento",
        "ACCEPTANCE ": "Novos pacientes / Aco- lhimento",
        "ACCRUING ": "Vir de maneira natural / Incre mentado de maneira natural / Devido a / Proveniente de",
        "ACHE ": "Termo para designar casos particulares de dor (dor contínua, que não passa, mas não é severa) / Dor localizadac ex.: stomachache, headache",
        "ACHIEVEMENT ": " Realiza ção / Conquis- tas / Feitos",
        "ADDICT ": "Viciado (tóxicos)",
        "ADHESIVE TAPE ": " Esparadrapo",
        "AFFERENT ": "Aferente",
        "AFFORD (TO) ": " Darse ao luxo de / Ter recursos para",
        "AGE STRATA ": " Faixas etárias",
        "AILMENT ": " Uma desordem física ou mental, especialmente uma doença leve",
        "AIRBORNE ": " Transportado via aérea / Que se pega pelo ar",
        "AKIN ": "Consanguíneo / Aparentado",
        "AMBULATORY ": " Passeio, galeria, cor- redor, ambulatorial, referese a paciente que pode caminhar/andar",
        "ANAESTHETIZE (TO) ": "Anestesiar",
        "ANCILLARY ": "Subserviente / Subsidiá- rio / Auxiliar / Subordinado",
        "ANECDOTAL ": " Pertencendo a / Caracteri- zado por ou repleto de histórias ou casos",
        "ANECDOTE ": " Casos não publicados / não divulgados / Segredos ou particu- laridades da história ou biografia",
        "ANESTHETIST ": " Anestesista (tomar cuidado, o final não é “sist.”); é igual a cientist",
        "ANKLES ": "Tornozelos",
        "ANTIDEPRESSANT DRUGS ": "Medica- mentos antidepressivos / Para pessoas usase o termo “ depressive”",
        "ANXIETY ": "Ansiedade",
        "AORTIC KNOB ": " Botão ou arco aór- tico / “ knob” em conversação signi- fica maçaneta",
        "APPOINTMENT ": "Consulta médica com hora marcada (Na conversação, é um compromisso marcado)",
        "APPROACH ": "Abordagem / Uma aproxi- mação / Aproximarse de",
        "ARMORED ": "Blindado",
        "ASCERTAIN ": "Verificar / Averiguar / Deter- minar / Avaliar",
        "ASSAY ": " Ensaio químico em laboratório",
        "ASSESSMENT ": "Avaliação",
        "ASTONISHING ": "Espantoso / Surpreen- dente / Assombroso / Admirável",
        "AT RISK / HIGH RISK / OPTIMAL RISK ": "Correndo risco / Alto risco / Risco normal ou possível",
        "ATHLETES’ FOOT ": "Frieira",
        "B AND B (BED AND BREAKFAST) ": "Pensão, cama e café da manhã",
        "B.L.S ": "Basic Life Support",
        "B.P. Dipping ": " Descenso Fisiológico da Pressão Arterial Durante o Sono",
        "BACKDROP ": "Tela de fundo / Uma mon- tagem como de um evento histórico",
        "BAFFLE ": "Obstrução / Obstáculo",
        "BANK BLOOD ": "Sangue estocado",
        "BARELY ": " Simplesmente / Escassamente / Apenas / Somente / Quase nada",
        "BARRELSHAPED CHEST ": "Peito em forma de barril",
        "BELCHING / BELCH (TO) ": "Arrotar / Arroto",
        "BELLOWS ": "É um fole, mas pode ser tam bém um modo figurativo de pulmões",
        "BEND YOUR KNEES (TO) ": "Dobrar seus joelhos",
        "BESTOW (TO) ": " Conferir (dar) / Agra- ciar (conceder)",
        "BIAS ": " Um corte ou uma costura oblí- qua à textura do tecido / Inclinação / Imparcialidade / Justo. Na medicina: uma parcialidade",
        "BLADDER ": " Bexiga / Bolsa de manguito",
        "BIOVARS ": " Biótipos",
        "BLOOD BANK ": " Banco de sangue",
        "BLOODBORNE ": " Transmissão via san- guínea",
        "BLOODLETTING ": "Sangria",
        "BOOSTER DOSE ": " Dose de reforço",
        "BOWEL MOVEMENTS ": "Evacuar / Fazer funcionar o intestino",
        "BRAID ": " like lesion  Lesão parecida ou similar a uma trança de cabelo / Uma lesão trançada",
        "BRAND NEW ": "Novo em folha (algo que nunca foi usado antes)",
        "BREAKDOWN ": "Quebrar / Arriar / Esgo- tamento nervoso / Colapso / “ a nervous breakdown”",
        "BREAKOUT ": "Epidemia / Surto",
        "BREASTBONE ": " Esterno (osso)",
        "BREATH ": "Fôlego / “ bad breath”  mau hálito",
        "BREATH MANEUVER ": " Manobra de segu- rar ou prender o fôlego",
        "BREATHE (TO) ": " Respirar",
        "BREATHING ": "Respiração / Verbo “ to breathe”/ Respirar",
        "BREATHLESS ": " Sem fôlego / Esbafo- rido / Ofegante / Sem vida",
        "BRICK AND MORTAR ": "Tijolo e argamassa",
        "BROADER POPULATION ": " Uma popu- lação mais ampla / Um número maior",
        "BROADLY / BROAD / BROADER ": " Ampla- mente / Amplo / Mais amplo",
        "BRUISE ": " Contusão",
        "BUDGET ": " Orçamento / Provisão / Estoque",
        "BUFF ": "Coágulo, crosta que se forma sobre sangue coagulado",
        "BUFFERED ": " Tamponado / Amortecido",
        "BURDEN ": " Fardo / Uma carga pesada / Um peso opressivo / Um problema / Em música é o refrão (fio da meada)",
        "BYSTANDER ": " Circunstante / Curioso / Espectador",
        "C.A.F.E. ": " Conduit / Artery / Function / Evaluation",
        "C.P.R. ": " Cardiopulmonary Resuscitation",
        "CALF ": "Panturrilha",
        "CAP RUPTURE ": "Ruptura de Cápsula Fibrosa",
        "CAPSULES/PILLS/TABLETS ": " Cápsu- las / Pílulas (geralmente revestidas) / Comprimidos (que podem ser divi- didos em duas ou quatro partes)",
        "CARDIAC STANDSTILL / CARDIAC AR­ REST ": "Parada cardíaca",
        "CAVEAT ": "Aviso / Advertência / Coisas importantes / Um alerta / Precaução",
        "CENTRAL SYMPATHETIC DRIVE ": " Impulso Simpático Central",
        "CHAIN EFFECT ": "Efeito em cadeia / Efeito dominó",
        "CHAIN SMOKER ": " Fumante que acende um cigarro no outro",
        "CHELATION ": " Quelação",
        "CHIN ": "Queixo",
        "CHOKES ": " Engasgos / “To chocke” Engasgar / Afogar",
        "CLAIM ": "Reivindicar / Alegar / Requerer",
        "CLAUDICATION (CLAUDICANT LIMB) ": "Claudicação",
        "CLEFT ": " Fissura / Fresa / Partido ou dividido / Separado",
        "CLIMACTERIC ": "Climatério",
        "CLOTTING TIME ": " Tempo de coagulação",
        "CLOUDY URINE ": "Urina turva",
        "CLUE ": " Pista para diagnóstico",
        "CLUSTER ": " Um número de objetivos iguais agrupados ou que crescem juntos / Feixe / Molho / Cacho / Congérie",
        "COAL ": "Carvão",
        "COATED ": " Revestido / Coberto com uma camada ou demão / Recoberto",
        "COATING ": "Revestimento",
        "COIL ": "Espiral / Bobina / Serpentina / Rosca",
        "COILTIPPED CATHETER ": " Cateter de ponta espiral",
        "COMPLAIN (TO) ": " Queixarse / Lamen- tarse / Reclamar",
        "COMPREHENSIVE ": " Abrangente / Exten- sivo / Que engloba",
        "CONCEAL (TO) ": "Esconder / Manter em segredo / Ocultar / Encobrir",
        "CONCEIVABLE ": "Concebível / Concep- tível / Imaginável / Compreensível",
        "CONFERENCE ": " Reunião para troca de ideias",
        "CONSTIPATION ": "Inatividade das fezes / Prisão de ventre / Não é um congestio- namento nasal (resfriado é “ cold”)",
        "CONSTRAINT ": " Constrangimento / Res- trição / Coação / Coerção / Repressão",
        "CONUNDRUMS ": "Metáfora / Enigma / Quebra-cabeças",
        "CONVERSELY ": "Inversamente / De ma- neira contrária / De modo oposto",
        "CONVEY ": " Carregar / Transportar / Transmitir / Comunicar / Transferir propriedade",
        "COPE WITH (TO) ": " Lidar com",
        "CORNERSTONE ": " Pedra angular",
        "CORONARY CUSP ": " Cúspide corona- riana / Folheto / Válvula",
        "CORPSE ": "Cadáver",
        "COUNTENANCE ": " Fisionomia / Expres- são facial / Semblante / Feições / Com- postura",
        "COUNTER REGULATORY ": " Contrarregu- latório",
        "COUNTERCLOCKWISE ": " À esquerda / Ao contrário dos ponteiros do relógio / Sentido anti-horário",
        "COUNTERSHOCK ": " Cardioversão",
        "COUNTERVAIL (TO) ": " Contrapor / Contra- balançar / Equivaler",
        "CRAMPS ": "Contrações doloridas / Câimbras",
        "CRIPPLED ": "Aleijado",
        "CROSSOVER GROUP ": " Grupo de Cruza- mento",
        "CUFF (CUFFED HYPERTENSION) (AORTIC CUFF = BALÃO) ": "Dar um tapa com as mãos abertas / Punho de camisa / Parte do tecido que vai ao redor do braço num esfigmomanômetro (manguito)",
        "CULPRIT ": " Réu / Culpado / Acusado / Criminoso",
        "CULTURE MEDIA ": " Meios de cultura",
        "CURRENTLY ": "Vigente / Em andamento / Correntemente",
        "CUTOFF VALUE ": " Valor de corte",
        "CUTTING EDGE TECHNOLOGY ": " Tecno- logia de ponta",
        "DEADLINE ": "Prazo máximo",
        "DEAFNESS ": " Surdez",
        "DEEMED / DEEM (TO) ": "Julgar / Supor / Considerar como",
        "DELAY ": "Atraso / Movimento vagaroso / Adiar / Deter temporariamente",
        "DELIVERY ": " Entrega ou parto / Dar à luz",
        "DELIVERY CABLE ": "Cabo liberador",
        "DENGUE FEVER OR BREAKBONE FEVER ": "Dengue ou febre do quebraossos",
        "DE NOVO": "  Inédito / Inusitado",
        "DEPLOY ": " Implantar / Estender / Desen- rolar / Abrir",
        "DEPLOYMENT / STENT DEPLOYMENT ": "Formação / Colocação frontal / Coloca- ção estratégica / Posicionamento",
        "DEPTH / DEEP / DEEPEN (TO) ": "Profun- didade / Fundo / Aprofundar",
        "DEVICE ": "Dispositivo / Instrumento / Algo construído com um “ design”",
        "DIASTOLIC GRUNT ": "Estalido / Grunhido (emitir som gutural) /Som inarticulado (que expressa indiferença)",
        "DIASTOLIC THRILL ": "Frêmito diastólico",
        "DISABILITY ": "Incompetência / Falta de habilidade física ou mental",
        "DISARRAY ": "Desordem, desarranjo / Fora de disposição / Fora de conjunto",
        "DISCHARGE / DISMISSAL (TO DISMISS) ": "Dispensar / Liberar de obrigação / Dar alta médica",
        "DISCLOSURES ": " Confidencialidade (des- vendar)",
        "DISCONTINUED ": "Interrompido / Descon- tinuado",
        "DISPENSARY ": " Um lugar onde os medi camentos estão dis postos; espe- cialmente em uma instituição pública onde o serviço é oferecido gratui- tamente",
        "DISPOSABLE ": "Descartável",
        "DISTRESS ": " Desgraça / Infortúnio / Revés / Aflição / Dor / Pena / Sofri- mento / Angústia",
        "DIZZINESS ": " Tontura",
        "DIZZY ": "Tonto / Tendo vertigens / Con- fuso (forma coloquial)",
        "DONOR ": "Doador",
        "DONOR ACCEPTOR ": "Receptor do mate- rial doado (por exemplo: o sangue)",
        "DOUBLE CHECK ": " Verificar duplamente",
        "DOWN REGULATION ": " Regulação infe- rior / Redução do número de receptores",
        "DRAW BLOOD (TO) ": " Tirar sangue",
        "DRAWBACKS ": "Recuos / Perda de van- tagem / Dar um passo para trás",
        "DRESSING ": " Curativo",
        "DROPPER ": "Contagotas",
        "DROWSY ": "Tonto / Confuso",
        "DROWSINESS ": " Entorpecimento (por droga ou medicamento) / Tontura / Confusão",
        "DRUG ": "Droga / Medicamento / Remédio",
        "DUE TO ": "Devido a",
        "DULLNESS ": " Cegueira / Que não ressoa / Sem ressonância / Obscuro / Chato",
        "DUST ": " Pó / Poeira",
        "ENLARGE (TO) ": "Estender / Amplificar / Incrementar / Aumentar de tamanho",
        "E.O.D. EVERY OTHER DAY ": "Dia sim, dia não",
        "EARLY RESPONDERS ": " Respondentes iniciais / Prematuros",
        "EFFERENT ": "Eferente",
        "ELDERLY ": "Idosos",
        "EMOTIONAL VALUE ": "Valor emocional / Sentimental",
        "ENCOMPASS (TO) ": "Rodear / Cercar / Incluir / Conter / Abranger",
        "ENDSTAGE ": "Estágio final",
        "ENDEAVOR ": " Esforço / Empenho / Dili- gência",
        "ENHANCEMENT ": " Aumento / Intensifi- cação / Crescimento (um toque a mais)",
        "ENLARGEMENT ": "Aumento de tamanho ou capacidade / Engrandecer",
        "ENROLLMENT ": "Inscrição / Registro / Matrícula / Alistamento",
        "ENTREPRENEUR ": " Empresário",
        "ENTREPRENEURIAL ": " Empresarial",
        "ENVIRONMENTAL ": "Meio ambiental / Meio ambiente",
        "ESSAY ": "Ensaio literário",
        "EVOLVE (TO) ": " Evoluir / Crescer / Aumentar",
        "EXHALE (TO) ": "Exalar",
        "EXPENDITURE (ENERGY) ": "Gasto de energia",
        "EYEBALL ": "Globo ocular",
        "EYEBROWS ": " Sobrancelhas",
        "EYELASHES ": "Cílios",
        "EYELID ": "Pálpebra",
        "1  / 2  / 3  / 4  / SOUND ": " 1ª / 2ª / 3ª / 4ª / Bulha",
        "FACILITIES ": " Instalações",
        "FADING / FADE (TO) ": " Desbotando / Esmorecendo / Perder cor / Desapa- recer gradualmente",
        "FECES ": "Fezes",
        "FAINT ": " Desmaio",
        "FARTING / FLATUS / GASES ": "Flatos / Gases intestinais; também usado para todos os gases inflamáveis",
        "FASHION ": "Consulta / Maneira / Forma / Feitio (moda)",
        "FASTING ": "Jejum / Abstinência",
        "FEASIBILITY ": "Viabilidade / Praticabi- lidade / Possibilidade / Algo possível de se praticar (algo viável)",
        "FEATURE ": " Uma característica / Aspecto / Atuar proeminentemente em uma publi- cação / Revista etc.",
        "FEEDBACK MECHANISM ": "Dar informa- ções / Manter informado / Alimentar com informações (retroinformação)",
        "FIGURE OUT (TO) ": "Decifrar / Enten- der / Calcular",
        "FINGER ": " Dedo da mão",
        "FINGERPRINT ": " Impressão digital",
        "FIST ": " Mão fechada",
        "FLESH WOUND ": " Ferimento de superfície",
        "FLOODING (ALVEOLAR FLOODING) ": "Inun- dação / Derrame alveolar",
        "FLOPPY TIP ": "Ponta flexível",
        "FLUIDS ": "Fluídos / Soro",
        "FLUSH (TO) ": " Avermelhar (fluxo)",
        "FLUSHING ": "Fluxo (de sangue) que causa o avermelhamento",
        "FOAM CELLS ": " Células espumosas",
        "FOOD POISONING ": " Intoxicação alimentar",
        "FORCEPS / OBSTETRICAL FORCEPS ": "Pinça",
        "FOREHEAD ": "Testa",
        "FOREMOST ": " O mais importante / Principal",
        "FORMALDEHYDE ": "Formol",
        "FORTHCOMING ": " Vindouro / Próximo (tam bém tem o significado de disponível)",
        "FRAMEWORK ": " Armação / Moldura",
        "FROTHY ": "Espumoso",
        "FURTHER ": " Mais distante / Mais deta- lhado / Que vai além",
        "GALLBLADDER ": " Vesícula",
        "GAP ": " Espaço vazio entre dois ele- mentos / Lacuna",
        "GAVAGE ": " Alimentação introduzida por meio de sondas / Alimentação enteral",
        "GET RID OF (TO) ": " Livrar-se de",
        "GUIDEWIRE ": "Fio guia",
        "GIVING IN ": " Entregandose",
        "GIVING UP ": " Desistindo / Largando",
        "GLUCOSE LEVEL / HDL LEVEL / LDL LEVEL ": "Nível de glicose / Nível de HDL / Nível de LDL. Sempre usar “ level” em vez de “rate”, pois “rate” significa taxa e “ level” significa nível",
        "GRAFT ": "Enxerto coronariano / Enxerto na cirurgia plástica / Enxerto botânico / No financeiro quer dizer “propina”",
        "GROIN ": "Virilha",
        "GROSS WEIGHT ": "Peso bruto",
        "GUINEA PIG ": "Cobaia",
        "GUM ": "Gengiva / Chiclete / Goma de mascar  “ chewing gum”",
        "HALLMARKS ": "Destaques",
        "HARD ENDPOINTS ": "Resultados duros / Desfechos sólidos / Desfechos consis- tentes",
        "ILLTEMPERED ": "Temperamento difícil",
        "HARMFUL ": "Prejudicial / Daninho",
        "HAY FEVER ": "Febre do feno",
        "HAZARD RATIOS ": " Razões de risco / Relações do perigo",
        "HEALING ": "Cicatrização",
        "HEALTHCARE WORKERS ": "Profissionais de saúde",
        "HEARTBURN ": "Azia / Pirose",
        "HEEL ": "Calcanhar",
        "HEIGHTEN (TO) / HEIGHT / HIGH ": "Aumen tar a altura (elevar) / Altura / Alto",
        "HENCE ": "Então / Portanto / Por isso",
        "HEREAFTER ": " Daqui por diante / Dora- vante / Futuro",
        "HEREIN ": " Aqui contido / Anexo / Incluso",
        "HICCUPS (PERSISTENT HICCUPS) ": "Soluços persistentes",
        "HIGHLIGHTED ": "Destacado",
        "HINDER ": "Traseiro",
        "HIP / HIPS ": " Quadril / Quadris",
        "HOARSENESS ": "Rouquidão",
        "HONEYCOMB PATTERN ": "Padrão favo de mel / Alveoliforme / Esburacado / Corroído / Em forma de alvéolo",
        "HURT (TO) ": " Não é o substantivo “dor” e sim “Sentir dor”/ Machucar (verbo)",
        "HYBRID DRUG ELUTING STENT ": "Stent Híbrido Farmacológico",
        "IMPAIRED ": "Piorado / Deteriorado / Depreciado / Debilitado",
        "IMPRINTING (A PROCESS OF MODI­ FYING A GENE BY CHEMICAL MEANS) ": "Um processo de se modificar um gene por meios químicos",
        "INHALE (TO) ": "Inalar",
        "INHERITED / INHERIT (TO) ": "Hereditário (herdar)",
        "INJURY / TO INJURE ": " Machucado, lesão ou ferimento / Machucarse, ferirse",
        "INPUT / INPUT (TO) ": "Aquilo que é posto ou aplicado / Intervir / Energia que é aplicada a algo",
        "INSIGHTS ": "Percepções internas",
        "INTAKE ": "Orifício de entrada / Consumo / Ingestão",
        "INTELLIGENCE QUOTIENT (I.Q.) ": "Coefi- ciente de Inteligência (Q.I.)",
        "ISSUE ": " Assunto / Fascículo de revista / Emitir um bilhete",
        "ITCHING ": " Coceira",
        "JAUNDICE ": "Icterícia",
        "JEOPARDIZED ": "Exposto a risco / Cor- rendo risco (por exemplo: “ jeopardized myocardium”)",
        "JOURNAL ": " Revista científica / Não con- fundir com newspaper, que quer dizer jornal de notícias com classificados, anúncios etc.",
        "KINSHIP ": "Consanguinidade / Paren- tesco",
        "KINKING ": "Retorcido",
        "KNEE HINGE ": " Rótula do joelho",
        "KNITTED POLYESTER CRIMPED GRAFT ": "Enxerto crimpado (termo usado na Cardiologia Interven cionista) de malha de poliéster",
        "KNITTED VASCULAR PROSTHESIS ": "Prótese vascular feita de tricô",
        "L.A.D. ": " Left Arterial Descending",
        "LASER.  LIGHT AMPLIFIED BY STIMU­ LATED EMISSION OF RADIATION ": " Luz amplificada por emissão estimulada de radiação",
        "L.C.D.  LIQUID CRYSTAL DISPLAY ": "Tela de cristal líquido",
        "L.E.D.  LIGHT EMITTING DIODE ": "Diodo de emissão de luz",
        "LAA CLOSURE  LEFT ATRIAL APPEN­ DAGE CLOSURE ": " Fechamento do apên- dice atrial esquerdo",
        "LARGE BORE NEEDLE ": "Agulha de bu- raco largo",
        "LATE RESPONDERS ": "Respondentes tar- dios / Demorados / Atrasados",
        "LAYER ": " Camada",
        "LEAFLET (AORTIC VALVE LEAFLET) ": "Folheto (folheto da válvula aórtica)",
        "LEAN FORWARD (TO) ": " Curvarse / Cur- varse para frente",
        "LEAP YEAR ": "Ano bissexto",
        "LENGTHEN (TO) / LENGTH / LONG ": "Encom pridar / Comprimento / Comprido",
        "LEVEL ": "Nível (por exemplo: Cholesterol level / Glucose level)",
        "LIE DOWN (TO) ": "Deitarse",
        "LIE ON YOUR STOMACH ": " Deitar de bruços",
        "LIE ON YOUR TUMMY / TUMMY ": " Deitar de bruços / Estômago",
        "LIFETHREATENING ": " Risco de vida / Ameaça de morte",
        "LIKELIHOOD ": " Probabilidade",
        "LIKEWISE ": "Da mesma forma ou maneira",
        "LIMBS ": "Membros / Braços e pernas",
        "LITTER ": "Maca / Leito",
        "LOADER AND SHEATH ": " Carregador e bainha",
        "LOBE ": "Lóbulo",
        "LOOK AFTER (TO) ": " Cuidar / Tomar conta",
        "LOOK INTO (TO) ": "Verificar / Olhar com atenção",
        "LOOSE ": "Solto",
        "LOOSELY ": " Afrouxadamente",
        "LOSE (TO) / LOSE WEIGHT ": " Perder / Perder peso",
        "LOSS OF CONSCIOUSNESS ": "Perda de consciência",
        "LOZENGE ": "Pastilha (para tosse etc.)",
        "M.A.C.E. ": " MAJOR ADVERSE CARDIAC EVENTS  Eventos cardíacos adversos relevantes (maiores)",
        "M.E.S.P.  MAXIMAL EXERCISE SYSTOLIC PRESSURE ": " Pressão sistólica máxima no exercício",
        "M.R.I.  MAGNETIC RESONANCE IMAGING ": "Imagem por ressonância magnética",
        "M.A.D.S. ": "Main Across Distal Side",
        "MAINSTAY ": "Esteio / Principal / Alicerce / Base / Apoio",
        "MAKE OUT (TO) ": " Entender / Decifrar / Compreender / Calcular",
        "MALAISE ": " Malestar",
        "MANEUVER (TO) ": " Manobrar",
        "MANIFOLD ": "Captador e distribuidor / Extensão para equipamentos de duas ou mais vias",
        "MATCHED CONTROL / MATCH (TO) ": "Controle igualado / Fazer servir / Fazer combinar",
        "MEDICAL CLEARANCE ": " Liberação médica",
        "MEDICAL ORDER ": "Prescrição médica para paciente hospitalizado",
        "MEDICAL PRESCRIPTION ": " Receita médica para adquirir medicamentos na farmácia",
        "MEMBER ": " Sócio / Membro / Associado",
        "MEMORY IMPAIRMENT ": "Diminuir a qualidade de memorização / Enfraquecer a memória / Danos de memória",
        "MESH ": "Malha",
        "MICROARRAY (STUDY) ": "Um estudo de disposição / Formação / Arranjo / Ordem / Conjunto / Aparato",
        "MINUTIAE ": " Minúcias",
        "MISCONCEPTIONS ": " Uma noção falsa / Uma falta de compreensão",
        "MISMATCH ": "União inadequada ou imper feita / Acasalamento impróprio",
        "MITRAL CLEFT ": "Fenda da válvula mitral",
        "MOIST ": " Umidade / Que contém líquido / Molhado",
        "MOREOVER ": " Além do mais / Além de que / Aliás",
        "MOUTHWASH ": " Líquido para gargarejo",
        "NAIVE PATIENT ": "Paciente virgem de tratamento",
        "NAPE ": "Nuca",
        "NAPKIN RING  CALCIFICATION / STE­ NOSIS ": "Argola de guardanapo, que é um tipo de calcificação causada pelo estreitamento similar a uma argola de um guardanapo",
        "NARROWING (SYSTOLIC CORONARY ARTERY NARROWING) ": " Estreitamento / Estreitamento da artéria coronariana sistólica",
        "NAVEL ": "Umbigo",
        "NEEDLE ": " Agulha",
        "NEEDLESTICK ": "Picada de agulha",
        "NET / NET WEIGHT ": "Rede / Peso líquido",
        "NEVERTHELESS ": " Apesar de / Não obs- tante / Contudo / Todavia",
        "NIL / NOTHING / ZERO ": " Nada / Nada / Zero",
        "NONRESPONDERS ": "Não respondentes",
        "NOSTRIL ": " Narina",
        "NOTEWORTHY ": "Notável / Digno de nota",
        "NOTICE (TO) ": "Notar / Perceber / Observar",
        "NOVEL TARGETS ": "Novas metas / Novos alvos / Inusitados / Recente",
        "NUMB ": "Entorpecido / Hipoestesia / Ficar insensível",
        "NUMBERLESS ": " Inumerável / Incontável",
        "NUMBNESS ": "Insensibilidade / Aneste- siado / Hipoestesia",
        "O.D. ONCE A DAY ": "Uma vez por dia",
        "ODDS RATIO ": "Índice de probabilidade / Razão de chances",
        "OFFSPRING ": "Descendentes / Prole / Cria",
        "OINTMENT ": "Unguento / Unta similar ao Vick Vapor Rub",
        "ONESIZEFITSALL ": " Tamanho único",
        "ONSET ": "Início / Começo / Investida / Ataque",
        "OTHERWISE ": " De outra forma / Senão",
        "OUTCOMES ": "Resultados",
        "OUTPATIENT CLINICS ": "Clínicas ambu- latoriais",
        "OUTPATIENT DEPARTMENT ": " Ambulatório",
        "OVER RELIANCE ": " Superintendência / Confiança / Nexo de dependência / Superseguro",
        "OVERTLY ": "Abertamente / Publicamente / Premeditadamente",
        "OVERSEE": "Supervisionar",
        "OVERVIEW ": "Panorama geral",
        "OVERWHELMING ": "Assoberbante / Esma- gador / Irresistível / Dominante",
        "OX HEART ": " Coração de boi",
        "P.A.L.S ": "Pediatric Life Support",
        "P.F.O. CLOSURE ": "Patent Foramen Oval Closure",
        "P.M.S.  PRE­MENSTRUAL STRESS ": "Tensão pré-menstrual",
        "PACIFIER ": " Chupeta",
        "PAIN ": " Dor intermitente de vários graus de severidade, que requer cuidados médicos",
        "PAIRED/ PAIR (TO) ": "Separarse aos pares / Fazer parelha com / Estar / Emparelhado / Unido / Acasalado / Disposto em pares",
        "PANTING ": "Ofegante",
        "PAPER ": " Trabalho científico",
        "PARENT ": " Pais / Pai e mãe",
        "PASS OUT (TO) ": " Desmaiar / Ficar inconsciente",
        "PATCHES ": " Adesivos",
        "PATHWAY (SHUNT PATHWAY) ": " Cami- nho / Trilha / Vereda",
        "PATIENT RAPPORT ": " Afinidade / Harmo- nia / Acordo / Afinidade com o paciente",
        "PEER / REVIEW (TO) ": "Peer = olhar com atenção / Review = Revisar / Rever",
        "PERICARDIAL KNOCK ": " Estalido / Ruído",
        "PERISHABLE ": "Perecível",
        "PHLEGM ": "Catarro / Pigarro",
        "PINNACLE ": " Pináculo / Torre / Pico",
        "PITFALL ": " Armadilha / Arapuca / Cilada",
        "PITS / ARM PITS ": " Axilas",
        "PIVOTAL ": "Essencial / Vital / Necessário / Imperativo / Fundamental",
        "PLATELET ": " Plaqueta",
        "POULTRY ": "Aves domésticas",
        "PRACTITIONERS ": "Aqueles que exercem arte / profissão etc. / Profissionais",
        "PRESCRIPTION ": "Receita para farmácia",
        "PRICKLING PAIN ": " Dor em alfinetada / Dor em pontada / Formigar / Sensação de picada",
        "PROLAPSE ": "Prolapso / Queda",
        "PROMPTLY ": "Prontamente / Incitar / Estimular de maneira rápida",
        "PRONE TO ": "Propenso a",
        "PUKE / VOMIT (TO) ": "Vômito ou vomitar",
        "PUT ON WEIGHT (TO) ": "Engordar / Ganhar peso",
        "PUTATIVE ": "Suposto / Inconclusivo",
        "Q.O.D. 4 TIMES A DAY ": " Quatro vezes ao dia",
        "QUERIES ": "Questões / Perguntas",
        "RALE ": "Estertor",
        "RATE / DOLLAR RATE / INTEREST RATE / HEART RATE ": "Taxa / Taxa do dólar / Taxa de juros / Frequência cardíaca",
        "REAPING ": "Algo que ceifa ou cega / Que acolhe",
        "RECURRENT ": "Recorrente / Que se repete",
        "REEDED ": "De som agudo ou fino / Qualquer objeto feito de bambu ou junco / Flauta acústica",
        "REFER (TO) ": " Referir / Atribuir / Subme- ter / Recomendar / Recorrer / Consultar",
        "REGAIN (TO) ": "Reganhar / Recuperar",
        "RELATIVES ": "Parentes",
        "REMNANT (LIPOPROTEIN) ": "Rema- nescente",
        "REMARKABLE ": " Notável / Extraordi- nário / Incomum",
        "REPAIR / REPAIR (TO) ": " Conserto / Repa- ração / Restauração / Renovar / Remediar",
        "RESEMBLANCE (STRUCTURAL) ": " Similari- dade estrutural / Semelhança estrutural",
        "RESEMBLE (TO) ": " Assemelharse a / Parecerse com",
        "RESILIENT ": "Algo elástico / Que tem elasticidade, material que consegue voltar à posição original depois de ser dobrado, esticado ou comprimido / Aquele que tem habilidade ou capaci- dade de recuperação de uma doença, um trauma ou uma mudança drástica",
        "RESTLESSNESS ": "Inquietação",
        "RETCHING ": " Tentativa de vômito / Forçar para vomitar",
        "RETREAT / RETREAT (TO) ": "Cadência / Recolhimento / Retirarse / Retroceder",
        "RETRIEVAL (SCREENED FOR) ": " Esco- lher / Selecionar / Fazer uma triagem para / Recuperação / Restauração / Reparação / Corrigir",
        "RIB CAGE ": " Caixa torácica",
        "RIGHT OR LEFT BUNDLE BRANCH ": "Fascí- culo do ramo direito ou esquerdo",
        "ROLL OVER (TO) ": " Virarse de um lado para o outro",
        "ROOT CAUSE ": "Raiz / Causa / Origem / O âmago de uma questão ou problema",
        "RUB (TO) ": "Esfregar / Friccionar",
        "SANATORIUM ": " Sanatório",
        "SANITARY ": "Sanitário",
        "SCAR ": "Cicatriz",
        "SCAR TISSUE ": "Tecido de cicatriz",
        "SCAVENGER CELL ": " Célula necrófaga",
        "SCAVENGING TUBE ": "Tubo de limpeza",
        "SCIATICA  PAIN IN THE LEGS ": " Dor nas pernas  Nervo ciático",
        "SCREEN ": "Tela / Filtrar / Triagem",
        "SCREEN FAILURE ": " Falha de triagem",
        "SCREENING / SCREEN (TO) ": "Triagem / Prova de exclusão / Rastrear",
        "SCROLL DOWN ": "Códice / Rolo / Lista / Rol / Passar por uma lista / Passar item por item de um rol",
        "SCRUB NURSE ": "Instrumentadora",
        "SCRUTINY ": "A investigação profunda sobre um assunto / Exame minucioso",
        "SEEK (TO) ": "Buscar / Procurar",
        "SEESAW (MURMUR) ": "Sopro contínuo",
        "SEIZURES ": "Crises",
        "SEMINAR ": "Seminário de estudo",
        "SEMINARY ": " Estabelecimento eclesiástico",
        "SERENDIPITY ": " A faculdade de fazer descobertas importantes e valiosas de maneira inesperada ou por acaso",
        "SETTING ": " Montagem / Cenário / Estritira / Armação / Enrijecimento / Endurecimento",
        "SETTLE (TO) ": " Acomodar / Instalar (assentar pó ou sedimento) / Acalmar / Arranjar / Resolver",
        "SHAGGY ": "Rugoso / Desalinhado / Ema- ranhado / Áspero",
        "SHALLOWNESS / SHALLOW ": " Raso / Inconsistente / Inconsistência",
        "SHEAR STRESS ": "Stresse de cisa- lhamento",
        "SHEATH ": " Bainha / Estojo / Revesti- mento / Forro (enviar uma espada ou punhal) / Invólucro",
        "SHIELD ": " Escudo / Proteção / Blindagem / Servir de proteção",
        "SHINS ": "Canela",
        "SHRINK (TO) ": " Encolher",
        "SHORTAGE ": "Diminuição / Deficiência / Escassez / Déficit",
        "SHRINKAGE ": " Encolhimento",
        "SHUNT / SHUNT LEAK ": "Uma conexão ou passagem de fluxo sanguíneo que vaza por uma fenda",
        "SHUTTLE TEST ": " Teste rápido",
        "SIGH (TO) ": " Suspirar",
        "SKIN RASH ": " Erupção na pele",
        "SKULL (BRAIN BOX) ": "Crânio (caixa cerebral)",
        "SLEUTH (TO) ": "Investigar / Detetive / Fazerse de detetive",
        "SLOPE ": "Elevação / Calombo",
        "SMEAR (PERIPHERAL BLOOD SMEAR) ": "Mancha / Nódoa / Matéria na lâmina de microscópio / Lambuzar / Besuntar / Manchar",
        "SNEEZE (TO) ": " Espirrar",
        "SNORE (TO) ": "Roncar",
        "SORE ": "Dolorido / Em caso de ferida aberta: úlceras, aftas, cortes etc.",
        "SPEAK WITH A LISP ": "Pessoa que fala com a língua presa",
        "SPEECH / LECTURE ": " Discurso / Palestra",
        "SPEW / SPEW (TO) ": "Vômito / Vomitar",
        "SPINAL CORD ": "Cordão espinhal / Espinha dorsal",
        "SPLEEN ": "Baço",
        "SPOILED ": " Estragado (mimado)",
        "SPRING ": "Mola / Primavera / Nascente de água",
        "SPURIOUS  BLOOD PRESSURE VARIA­ BILITY CAUSES SPURIOUS IDENTIFICA­ TION ": "Espúrio  algo que é igual na aparência, mas diferente em função e estrutura",
        "SPUTUM ": "Catarro",
        "SQUATTING (POSITION) ": "Acocoramento / Agachamento",
        "SQUEEZE (TO) ": "Espremer / Apertar / Comprimir / Extrair à força / Extorquir / Apertão / Compressão",
        "STACKDECK ": "Montão / Pilha / Empilhar",
        "STAPH INFECTION ": " Infecção hospitalar",
        "STAGGERING ": " Cambaleio / Dispor em ziguezague",
        "STAINING ": "Nódoa / Mancha / Corante / Pigmento",
        "STARCH ": "Amido / Fécula / Goma / Ali- mentos ricos em amido",
        "STARK ": "Rígido / Cru / Marcante / Com- pleto (por exemplo, Stark madness = loucura total)",
        "STATEOFTHEART ": "Estado da arte: a síntese dos conhecimentos sobre um determinado assunto até o presente",
        "STEADY STATE ": "Estável / Condição estável",
        "STEERABLE GUIDEWIRE ": " Fio guia / Que se esterça / Flexível",
        "STEM ": " Caule / Cabo / Tronco",
        "STEM CELLS ": "Célulastronco",
        "STENT ": "DR. CHARLES STENT  Cirur- gião dentista inglês que inventou o dispositivo",
        "STEPWISE FASHION ": " Modo de conduta / Estilo de conduta",
        "STIFF ": "Duro / Rijo",
        "STIFFNESS ": "Rigidez",
        "STIFLED ": "Sufocado / Asfixiado / Repri- mido",
        "STITCHES ": "Pontos de cirurgia ou costura",
        "STOOLS ": "Fezes",
        "STRAIN ": " Distensão / Puxão / Tensão / Esforço violento / Torcedura / Também coar ou peneirar",
        "STRANDS ": " Filamentos",
        "STRAYED ": "Isolado / Ocasional / Desen- caminhado / Perdido / Extraviado",
        "STRENGTHEN (TO) / STRENGTH / STRONG ": " Reforçar / Força / Forte",
        "STRESS ": "Estresse  tensão, pressão / Acentuar / Dar ênfase",
        "STRETCH (TO) ": "Alongar-se",
        "STRETCHER ": "Maca",
        "STRIKING ": "Notável / Extraordinário / Formidável",
        "STRING ": "Fio / Cordão",
        "STRIPE ": "Listra",
        "STROKE ": " Derrame cerebral",
        "STROKE VOLUME ": "Volume sistólico",
        "STRUGGLE (TO) ": " Lutar / Combater",
        "STUBBORN ": " Teimoso / Obstinado",
        "STUTTER ": "Gaguice / Gaguejar",
        "STUTTER (TO) ": " Gaguejar",
        "STUTTERER ": "Gago",
        "SUBPOENA ": " Citação / Intimação",
        "SUFFER (TO) ": " Sofrer  Dor física ou moral",
        "SUPPORT ": "Apoio / Colaboração",
        "SURGICAL SUITE ": " Centro cirúrgico",
        "SURROGATE ENDPOINTS RESULT ": " Resul- tados secundários",
        "SURROGATE POINTS ": " Desfechos subs- titutivos",
        "SURVEILLANCE ": " Vigilância / Fiscalização",
        "SURVEY ": " Pesquisa de opinião",
        "SWALLOW (TO) ": " Engolir",
        "SWEATING ": " Sudorese",
        "SWITCH (TO) ": " Trocar / Inverter",
        "SWOLLEN ": "Inchado",
        "SYRINGE ": "Seringa",
        "SYSTOLIC THRILL ": " Frêmito sistólico",
        "T.I.D.  THREE TIMES A DAY ": "Três vezes por dia",
        "T.O.D.  TWICE A DAY ": " Duas vezes ao dia",
        "TAG ": " Etiqueta / Rótulo",
        "TAILORING ": "Alinhamento",
        "TAPERING VESSEL ": " Vaso ou ducto que se estreita / Redução gradual / Afilamento",
        "TB / CONSUMPTION / TUBERCULOSIS ": "Tuberculose",
        "TEAR ": " Lágrima",
        "TEAR (TO) ": " Rasgar",
        "TENTING ": " Angulação",
        "THE NEXT OF KIN ": " O parente mais próximo",
        "THEREBY ": "De tal modo / Assim / Com isso",
        "THICKEN (TO) / THICKENING ": "Engrossar / Engrossamento",
        "THIGH ": " Coxa",
        "THIN (TO) / THINNING ": "Afinar / Afi- namento",
        "THREAT ": "Ameaça",
        "THRESHOLD ": " Limiar / Entrada ou começo",
        "THROBBING / PALPITATION ": "Palpitação",
        "THROUGHOUT ": "Através de todo / Through  através",
        "THROW UP (TO) ": "Vomitar",
        "THRUSH ": "Sapinho ou afta",
        "THUMB ": " Polegar",
        "TIES (FINANCIAL TIES) ": " Laços finan- ceiros / Ligações financeiras",
        "TINGLING ": "Formigamento",
        "TO BE GOOD AT SOMETHING ": "Ser bom em algo",
        "TO LAND THE STENT ": " Assentar / Colocar o stent",
        "TO TAKE PLACE ": "Acontecer / Ocorrer / Realizarse",
        "TOES ": "Artelhos / Dedos dos pés",
        "TONSILS ": " Amígdalas",
        "TOOL ": "Ferramenta",
        "TOWARD ": "Em direção a",
        "TREADMILL ": "Esteira para exercícios físicos",
        "TRIGGER (TRIGGERING MECHANISM) ": "Gatilho / Detonador",
        "TURN OVER (TO) / ROLL OVER (TO) ": "Virarse de um lado para outro",
        "TWEEZERS (OPTICAL TWEEZERS) ": " Pinças",
        "UNANNOUNCED VISITS ": " Visitas ines- peradas",
        "UNAWARE ": "Não estar ciente",
        "UNBLINDED ": " Sem ocultação / Às claras",
        "UNDERGO A SURGERY (TO) ": " Sofrer uma cirurgia",
        "UNDERNOURISHED / UNDERFED ": " Sub- nutrido",
        "UNDERTAKE (TO) ": " Assumir cargo / Pro- meter fazer se for possível / Prometer / Assumir / Tentar",
        "UNDOUBTEDLY ": " Sem dúvida alguma / Indubitavelmente",
        "UNFATHOMABLE ": "Incomensurável / Impe netrável / Insondável",
        "UP SLOPING / DOWN SLOPING (SEG­ MENT) ": "Curva ascendente / Curva descendente",
        "USHERED ": " Conduzido / Acompanhado / Anunciado / Lugar indicado",
        "UTILITY ROOM ": "Sala de coleta de mate- rial para exame",
        "VALVE DEBRIS ": " Detritos de válvula / Depósito",
        "VENTRICULAR BYPASS PUMP ": " Bomba de Bypass",
        "WARD ": " Enfermaria ou ala de hospital",
        "WARN (TO) ": " Advertir / Chamar a atenção para",
        "WAVEFORM ": "Forma ondulada",
        "WEDGE / WEDGE (TO) ": "Calço / Cunha / Pôr calço / Introduzir à força / Socar",
        "WELLBEING ": " Bemestar",
        "WHEREBY ": "Por meio dos quais / Pelo qual",
        "WHITE COAT HYPERTENSION ": " Sín- drome do avental branco / Coat  paletó / Casaco",
        "WHIZZING ": "Chiadeira / Zunido",
        "WHOOPING COUGH ": "Coqueluche / Tosse comprida",
        "WIDERANGING (EFFECTS) ": "Ampla margem",
        "WIDESPREAD ": "Amplamente espalhado / Largamente espalhado",
        "WIDEN (TO) / WIDTH / WIDE ": "Alargar / Largura / Largo",
        "WING ": "Ala",
        "WIT ": "Faculdades mentais / Senso / Juízo / Sagacidade / Compreensão",
        "WITHDRAWAL ": " Retirada",
        "WITHSTAND (TO) ": " Suportar / Aguentar / Resistir a / Oporse a",
        "WOMB / UTERUS ": " Ventre / Útero",
        "WORKLOAD ": "Carga de trabalho",
        "WORTHY ": "Que vale a pena / De valor / Valioso / Merecedor / Meritório/ Digno / Ilustre / Honrado",
        "WOUND ": "Ferida / Ferimento",
        "WRIT ": " Mandado / Ordenado"
    },
    "pt:en": {
        "1ª / 2ª/ 3ª / 4ª / Bulha ": " 1  / 2  / 3  / 4  / SOUND",
        "À esquerda / Ao contrário dos ponteiros do relógio / Sentido anti­horário ": "COUNTERCLOCKWISE",
        "A faculdade de fazer descobertas im­ portantes e valiosas de maneira ines­ perada ou por acaso ": "SERENDIPITY",
        "A investigação profunda sobre um assunto / Exame minucioso ": "SCRUTINY",
        "A.C.L.S ": "Advanced Cardiovascular Life Support",
        "A.E.D ": "Automated External Defibrillator",
        "Abertamente / Publicamente / Preme­ dita damente  ": "OVERTLY",
        "Abordagem / uma aproximação / aproxi­ marse ": "APPROACH",
        "Abrangente / Extensivo / Que engloba ": "COMPREHENSIVE",
        "Acocoramento / Agachamento ": " SQUAT- TING (POSITION)",
        "Acomodar / Instalar (assentar pó ou sedi­ mento) / Acalmar /Arranjar / Resolver ": "SETTLE (TO)",
        "Acontecer / Ocorrer / Realizarse ": "TO TAKE PLACE",
        "Adesivos ": " PATCHES",
        "Advertir / Chamar a atenção para ": "WARN (TO)",
        "AFFERENT ": "Aferente",
        "Afinar / Afinamento ": "THIN (TO) / THINNING",
        "Afinidade / Harmonia / Acordo / Afinidade com o paciente ": " PATIENT RAPPORT",
        "Afrouxadamente ": "LOOSELY",
        "Agulha ": "NEEDLE",
        "Agulha de buraco largo ": "LARGE BORE NEEDLE",
        "Ala ": "WING",
        "Alargar / Largura / Largo ": " WIDEN (TO) / WIDTH / WIDE",
        "Aleijado ": "CRIPPLED",
        "Além do mais / Além de que / Aliás ": "MOREOVER",
        "Algo elástico / Que tem elasticidade, material que consegue voltar à posição original depois de ser dobrado, esti­ cado ou comprimido / Aquele que tem habilidade ou capacidade de recupe­ ração de uma doença, um trauma ou uma mudança drástica ": "RESILIENT",
        "Algo que ceifa ou cega / Que acolhe ": "REAPING",
        "Alimentação introduzida por meio de sondas / Alimentação enteral ": " GAVAGE",
        "Alinhamento ": "TAILORING",
        "Alongar­se ": "STRETCH (TO)",
        "Ambulatório ": "OUTPATIENT DEPARTMENT",
        "Ameaça ": "THREAT",
        "Amido / Fécula / Goma / Alimentos ricos em amido ": "STARCH",
        "Amígdalas ": " TONSILS",
        "Ampla margem ": " WIDERANGING (EFFECTS)",
        "Amplamente / Amplo / Mais amplo ": "BROADLY / BROAD / BROADER",
        "Amplamente espalhado / Largamente espalhado ": "WIDESPREAD",
        "Anestesiar ": "ANAESTHETIZE (TO)",
        "Anestesista (tomar cuidado, o final não é sist.); é igual a cientista ": "ANESTHETIST",
        "Angulação ": "TENTING",
        "Ano bissexto ": " LEAP YEAR",
        "Ansiedade ": "ANXIETY",
        "Apesar de / Não obstante / Contudo / Todavia ": "NEVERTHELESS",
        "Apoio / Colaboração ": " SUPPORT",
        "Aqueles que exercem arte / profissão etc. / Profissionais ": "PRACTITIONERS",
        "Aqui contido / Anexo / Incluso ": " HEREIN",
        "Aquilo que é posto ou aplicado / Intervir / Energia que é aplicada a algo ": " INPUT / INPUT (TO)",
        "Argola de guardanapo, que é um tipo de calcificação causada pelo estrei­ tamento similar a uma argola de um guardanapo ": " NAPKIN RING  CALCIFI- CATION / STENOSIS",
        "Armação / Moldura ": "FRAMEWORK",
        "Armadilha / Arapuca / Cilada ": " PITFALL",
        "Arrotar / Arroto ": "BELCH (TO)/BELCHING",
        "Artelhos / Dedos dos pés ": " TOES",
        "Assemelhar­se a / Parecer­se com ": "RESEMBLE (TO)",
        "Assentar / Colocar o stent ": " TO LAND THE STENT",
        "Assoberbante / Esmagador / Irresistível / Dominante ": "OVERWHELMING",
        "Assumir cargo / Prometer fazer se for possível / Prometer /Assumir / Tentar ": "UNDERTAKE (TO)",
        "Assunto / Fascículo de revista / Emitir um bilhete ": " ISSUE",
        "Atraso / Movimento vagaroso / Adiar / Deter temporariamente ": " DELAY",
        "Através ": "THROUGH",
        "Através de todo ": "THROUGHOUT",
        "Aumentar a altura (elevar) / Altura / Alto ": "HEIGHTEN (TO) / HEIGHT / HIGH",
        "Aumento / Intensificação / Crescimento (um toque a mais) ": " ENHANCEMENT",
        "Aumento de tamanho ou de capacidade / Engrandecer / (Estender / Amplificar / Incrementar / Aumentar de tamanho) ": "ENLARGEMENT / (TO ENLARGE)",
        "Auxiliar / Subserviente / subsidiário / subordinado ": "ANCILLARY",
        "Avaliação ": " ASSESSMENT",
        "Averiguar / Verificar / Determinar / Avaliar ": "ASCERTAIN",
        "Avermelhar (fluxo) ": " FLUSH (TO)",
        "Aves domésticas ": "POULTRY",
        "Aviso / Advertência / Coisas importantes / Um alerta / Precaução ": " CAVEAT",
        "Axilas ": "PITS / ARMPITS",
        "Azia / Pirose ": " HEARTBURN",
        "B.L.S ": " Basic Life Support",
        "Baço ": " SPLEEN",
        "Bainha / Estojo / Revestimento / Forro (enviar uma espada ou punhal) ": " SHEATH",
        "Banco de sangue ": "BLOOD BANK",
        "Bem­estar ": " WELLBEING",
        "Bexiga / Bolsa de manguito ": " BLADDER",
        "Biótipos ": "BIOVARS",
        "Blindado ": "ARMORED",
        "Bobina / Serpentina / Rolo / Espiral / Caracol ": "COIL",
        "Bomba de Bypass ": " VENTRICULAR BYPASS PUMP",
        "Botão ou arco aórtico / “ knob” em conversação significa maçaneta ": "AORTIC KNOB",
        "Buscar / Procurar ": "SEEK (TO)",
        "C.A.F.E. ": "Conduit Artery Function Evaluation",
        "C.P.R. ": "Cardiopulmonary Resuscitation",
        "Cabo liberador ": "DELIVERY CABLE",
        "Cadáver ": " CORPSE",
        "Cadência / Recolhimento / Retirar­se / Retroceder ": " RETREAT / RETREAT (TO)",
        "Caixa torácica ": "RIB CAGE",
        "Calcanhar ": " HEEL",
        "Calço / Cunha / Pôr calço / Introduzir à força / Socar ": " WEDGE / WEDGE (TO)",
        "Camada ": " LAYER",
        "Cambaleio / Dispor em ziguezague ": "STAGGERING",
        "Caminho / Trilha / Vereda ": "PATHWAY (SHUNT PATHWAY)",
        "Canela ": "SHINS",
        "Cápsulas / Pílulas (geralmente reves­ tidas) / Comprimidos (que podem ser divididos em duas ou quatro partes) ": "CAPSULES/PILLS/TABLETS",
        "Captador e distribuidor / Extensão para equipamentos de duas ou mais vias ": "MANIFOLD",
        "Cardioversão ": "COUNTERSHOCK",
        "Carga de trabalho ": "WORKLOAD",
        "Carregador e bainha ": "LOADER AND SHEATH",
        "Carregar / Transportar / Transmitir / Comunicar / Transferir propriedade ": "CONVEY (TO)",
        "Carvão ": "COAL",
        "Casos não publicados / Não divul­ gados / Segredos ou particularidades da história ou biografia ": " ANECDOTE",
        "Catarro ": "SPUTUM",
        "Catarro / Pigarro ": " PHLEGM",
        "Cateter de ponta espiral ": "COIL-TIPPED CATHETER",
        "Caule / Cabo / Tronco ": "STEM",
        "Causa / Raiz / Origem / O âmago de uma questão ou problema ": "ROOT CAUSE",
        "Cegueira / Que não ressoa / Sem res­ sonância / Obscuro / Chato ": "DULLNESS",
        "Célula necrófaga ": "SCAVENGER CELL",
        "Células espumosas ": " FOAM CELLS",
        "Células­tronco ": "STEM CELLS",
        "Centro cirúrgico ": " SURGICAL SUITE",
        "Cepa / Deformação / Distensão / Esforço excessivo ": "STRAIN",
        "Chiadeira / Zunido ": "WHIZZING",
        "Chupeta ": " PACIFIER",
        "Cicatriz ": "SCAR",
        "Cicatrização ": "HEALING",
        "Cílios ": " EYELASHES",
        "Circunstante / Curioso / Espectador ": "BYSTANDER",
        "Cirurgião dentista inglês que inventou o dispositivo ": "STENT  DR. CHARLES STENT",
        "Citação / Intimação ": "SUBPOENA",
        "Claudicação ": " CLAUDICATION (CLAUDI- CANT LIMB)",
        "Climatério ": "CLIMACTERIC",
        "Clínicas ambulatoriais ": "OUTPATIENT CLINICS",
        "Coágulo, crosta que se forma sobre sangue coagulado ": "BUFF",
        "Cobaia ": "GUINEA PIG",
        "Coceira ": " ITCHING",
        "Códice / Rolo / Lista / Rol / Passar por uma lista / Passar item por item de um rol ": "SCROLL DOWN",
        "Coeficiente de Inteligência (Q.I.) ": "INTELLIGENCE QUOTIENT (I.Q.)",
        "Concebível / Conceptível / Imaginável / Compreensível ": "CONCEIVABLE",
        "Conduta / Maneira / Forma / Feitio (moda) ": "FASHION",
        "Conduzido / Acompanhado / Anun­ ciado / Lugar indicado ": "USHERED",
        "Conferir (dar) / Agraciar (conceder) ": "BESTOW (TO)",
        "Confidencialidade (desvendar) ": "DIS- CLOSURES",
        "Conjectura / Suposição ": " A SURMISE (A CONJECTURE  SUSPICION) (TO ASSUME ON SMALL EVIDENCE)",
        "Consanguíneo / Aparentado ": "AKIN",
        "Consanguinidade / Parentesco ": "  KINSHIP",
        "Conserto / Reparação / Restauração / Renovar / Remediar ": "REPAIR / REPAIR (TO)",
        "Constrangimento / Restrição / Coação / Coerção / Repressão ": "CONSTRAINT",
        "Consulta médica com hora marcada (na conversação é um compromisso marcado) ": "APPOINTMENT",
        "Conta­gotas ": "DROPPER",
        "Contrações doloridas / Câimbras ": "CRAMPS",
        "Contrapor / Contrabalançar / Equivaler ": "COUNTERVAIL (TO)",
        "Contrarregulatório ": " COUNTER REGU- LATORY",
        "Controle igualado / Fazer servir / Fazer combinar ": " MATCHED CONTROL / MATCH (TO)",
        "Contusão ": "BRUISE",
        "Coqueluche / Tosse comprida ": "WHOOP- ING COUGH",
        "Coração de boi ": " OX HEART",
        "Cordão espinhal / Espinha dorsal ": "SPINAL CORD",
        "Correndo risco / Alto risco / Risco nor­ mal ou possível ": " AT RISK / HIGH RISK / OPTIMAL RISK",
        "Coxa ": "THIGH",
        "Crânio (caixa cerebral) ": "SKULL (BRAIN BOX)",
        "Crises ": " SEIZURES",
        "Cuidar / Tomar conta ": "LOOK AFTER (TO)",
        "Curativo ": "DRESSING",
        "Curva ascendente / Curva descen­ dente ": " UP SLOPING / DOWN SLOP- ING (SEGMENT)",
        "Curvar­se / Curvar­se para frente ": "LEAN FORWARD (TO)",
        "Cúspide coronariana / Folheto / Válvula ": "CORONARY CUSP",
        "Da mesma forma ou maneira ": "LIKEWISE",
        "Daqui por diante / Doravante / Futuro ": "HEREAFTER",
        "Dar informações / Manter informado / Alimentar com informações (retroinfor­ mação) ": "FEEDBACK MECHANISM",
        "Dar um tapa com as mãos abertas / Punho de camisa / Parte do tecido que vai ao redor do braço num esfigmo­ manômetro (manguito) ": "CUFF (CUFFED HYPERTENSION) (AORTIC CUFF = BALÃO)",
        "Dar­se ao luxo / Ter recursos ": "AFFORD (TO)",
        "De outra forma / Senão ": "OTHERWISE",
        "De som agudo ou fino / Qualquer objeto feito de bambu ou junco / Flauta acústica ": " REEDED",
        "De tal modo / Assim / Com isso  THEREBY Descenso Fisiológico da Pressão Arterial Durante o Sono ": "B.P. Dipping",
        "Decifrar / Entender / Calcular ": "FIGURE OUT (TO)",
        "Dedo da mão ": "FINGER",
        "Deitar de bruços ": " LIE ON YOUR STOMACH",
        "Deitar de bruços / Estômago ": " LIE ON YOUR TUMMY / TUMMY",
        "Deitar­se ": " LIE DOWN (TO)",
        "Dengue ou febre do quebra­ossos ": "DENGUE FEVER OR BREAKBONE FEVER",
        "Derrame cerebral ": "STROKE",
        "Desbotando / Esmorecendo / Perder cor / Desaparecer gradualmente ": "FADING / FADE (TO)",
        "Descartável ": "DISPOSABLE",
        "Descendentes / Prole / Cria ": " OFFSPRING",
        "Desfechos substitutivos ": " SURROGATE POINTS",
        "Desgraça / Infortúnio / Revés / Aflição / Dor / Pena / Sofrimento / Angústia ": " DISTRESS",
        "Desistindo / Largando ": " GIVING UP",
        "Desmaiar / Ficar inconsciente ": "PASS OUT (TO)",
        "Desmaio ": " FAINT",
        "Desordem física ou mental, especial­ mente uma doença leve ": " AILMENT",
        "Desordem, desarranjo / Fora de dis­ posição / Fora de conjunto ": " DISARRAY",
        "Destacado ": " HIGHLIGHTED",
        "Destaques ": "HALLMARKS",
        "Deteriorado / Piorado / Depreciado / Debilitado ": "IMPAIRED",
        "Detetive / Investigar / Fazer­se de dete­ tive ": " SLEUTH (TO)",
        "Detritos de válvula / Depósito ": "VALVE DEBRIS",
        "Devido a ": " DUE TO",
        "Dia sim, dia não ": " E.O.D. EVERY OTHER DAY",
        "Diminuição / Deficiência / Escassez / Déficit ": "SHORTAGE",
        "Diminuir a qualidade de memorização / Enfraquecer a memória / Danos de memória ": "MEMORY IMPAIRMENT",
        "Diodo de emissão de luz ": " L.E.D.  LIGHT EMITTING DIODE",
        "Discurso / Palestra ": "SPEECH / LECTURE",
        "Dispensar / Liberar de obrigação / Dar alta médica ": " DISCHARGE / DISMISSAL (TO)",
        "Dispositivo / Instrumento / Algo cons­ truído com um “ design” ": "DEVICE",
        "Disposto em pares / Separar­se aos pares / Fazer parelha com / Estar / Emparelhado/ Unido / Acasalado ": "PAIRED/ PAIR (TO)",
        "Distensão / Puxão / Tensão / Esforço violento / Torcedura / Também coar ou peneirar ": "STRAIN",
        "Distraído / Desatento ": "ABSENT-MINDED",
        "Doador ": "DONOR",
        "Dobrar seus joelhos ": " BEND YOUR KNEES (TO)",
        "Dolorido / Em caso de ferida aberta: úlceras, aftas, cortes etc. ": " SORE",
        "Dor  Termo para designar casos par­ ticulares de dor (dor contínua, que não passa, mas não é severa) / Dor locali­ zada ": "ACHE ex.: stomachache, headache",
        "Dor em alfinetada / Dor em pontada / Formigar / Sensação de picada ": "PRICKLING PAIN",
        "Dor intermitente de vários graus de severidade, que requer cuidados médicos ": " PAIN",
        "Dor nas pernas  Nervo ciático ": "SCIATICA  PAIN IN THE LEGS",
        "Dose de reforço ": "BOOSTER DOSE",
        "Droga / Medicamento / Remédio ": "DRUG",
        "Duas vezes ao dia  T.O.D. ": " TWICE A DAY",
        "Duro / Rijo ": "STIFF",
        "É um fole, mas pode ser também um modo figurativo de pulmões ": "BELLOWS",
        "Efeito em cadeia / Efeito dominó ": "CHAIN EFFECT",
        "Eferente ": "EFFERENT",
        "Elevação / Calombo ": " SLOPE",
        "Em direção a ": "TOWARD",
        "Empresarial ": "ENTREPRENEURIAL",
        "Empresário ": "ENTREPRENEUR",
        "Encolher ": "SHRINK (TO)",
        "Encolhimento ": " SHRINKAGE",
        "Encompridar / Comprimento / Comprido ": "LENGTHEN (TO) / LENGTH / LONG",
        "Enfermaria ou ala de hospital ": " WARD",
        "Engasgos / “ To choke”  Engasgar / Afogar ": " CHOKES",
        "Engolir ": " SWALLOW (TO)",
        "Engordar / Ganhar peso ": "PUT ON WEIGHT (TO)",
        "Engrossar / Engrossamento ": "THICKEN (TO) / THICKENING",
        "Ensaio literário ": " ESSAY",
        "Ensaio químico em laboratório ": "ASSAY",
        "Então / Portanto / Por isso ": "HENCE",
        "Entender / Decifrar / Compreender / Calcular ": " MAKE OUT (TO)",
        "Entorpecido / Hipoestesia / Ficar insen­ sível ": " NUMB",
        "Entorpecimento (por droga ou medi­ camento) / Tontura / Confusão ": "DROWSINESS",
        "Entrega ou parto / Dar à luz ": " DELIVERY",
        "Entregando­se ": "GIVING IN",
        "Enxerto coronariano / Enxerto na cirurgia plástica / Enxerto botânico / No finan­ ceiro quer dizer “propina” ": " GRAFT",
        "Enxerto crimpado de malha de poliéster ": "KNITTED POLYESTER CRIMPED GRAFT",
        "Epidemia / Surto ": "BREAKOUT",
        "Erupção na pele ": "SKIN RASH",
        "Escolher / Selecionar / Fazer uma tria­ gem para / Recuperação / Restauração / Reparação / Corrigir ": " RETRIEVAL (SCREENED FOR)",
        "Esconder / Manter em segredo / Ocul­ tar / Encobrir ": "CONCEAL (TO)",
        "Escudo / Proteção / Blindagem / Servir de proteção ": "SHIELD",
        "Esforço / Empenho / Diligência ": "ENDEAVOR",
        "Esfregar / Friccionar ": "RUB (TO)",
        "Espaço vazio entre dois elementos / Lacuna ": "GAP",
        "Espantoso / Surpreendente / Assom­ broso / Admirável ": "ASTONISHING",
        "Esparadrapo ": "ADHESIVE TAPE",
        "Espiral / Bobina / Serpentina / Rosca ": "COIL",
        "Espirrar ": "SNEEZE (TO)",
        "Espremer / Apertar / Comprimir / Extrair à força / Extorquir / Apertão / Compressão ": "SQUEEZE (TO)",
        "Espumoso ": " FROTHY",
        "Espúrio (algo que é igual na aparên­ cia, mas diferente em função e estru­ tura) ": "SPURIOUS  BLOOD PRESSURE VARIABILITY CAUSES SPURIOUS IDEN- TIFICATION",
        "Essencial / Vital / Necessário / Impera­ tivo / Fundamental ": " PIVOTAL",
        "Estabelecimento eclesiástico ": " SEMINARY",
        "Estado da arte = a síntese dos conhe cimentos sobre um determi­ nado assunto até o presente ": "STATE-OF-THE-ART",
        "Estágio final ": "END-STAGE",
        "Estalido / Grunhido (emitir som gu­ tural) / Som inarticulado (que expressa indife rença)  ": " DIASTOLIC GRUNT",
        "Estalido / Ruído ": "PERICARDIAL KNOCK",
        "Estável / Condição estável ": "STEADY STATE",
        "Esteio / Principal / Alicerce / Base / Apoio ": "MAINSTAY",
        "Esteira para exercícios físicos ": "TREADMILL",
        "Estender / Amplificar / Incrementar / Aumentar de tamanho ": "ENLARGE- MENT / ENLARGE (TO)",
        "Esterno (osso) ": " BREASTBONE",
        "Estertor ": "RALE",
        "Estragado (mimado) ": " SPOILED",
        "Estreitamento / Estreitamento da artéria coronariana sistólica ": "NARROWING (SYS- TOLIC CORONARY ARTERY NARROWING)",
        "Estresse  tensão, pressão / Acentuar / Dar ênfase ": " STRESS",
        "Etiqueta / Rótulo ": "TAG",
        "Evacuar / Fazer funcionar o intestino ": "BOWEL MOVEMENTS",
        "Eventos cardíacos adversos relevantes (maiores) ": "M.A.C.E. MAJOR ADVERSE CARDIAC EVENTS",
        "Evoluir / Crescer / Aumentar ": "EVOLVE (TO)",
        "Exalar ": "EXHALE (TO)",
        "Exposto a risco / Correndo risco ": "JEOPARDIZED (por exemplo: jeopar- dized myocardium)",
        "Faculdades mentais / Senso / Juízo / Sagacidade / Compreensão ": " WIT",
        "Faixas etárias ": "AGE STRATA",
        "Falha de triagem ": " SCREEN FAILURE",
        "Fardo / Uma carga pesada / Um peso opressivo / Um problema / Em música é o refrão (fio da meada) ": " BURDEN",
        "Fascículo do ramo direito ou esquerdo ": "RIGHT OR LEFT BUNDLE BRANCH",
        "Febre do feno ": "HAY FEVER",
        "Febre tifoide ": "ABDOMINAL FEVER / TYPHOID FEVER",
        "Fechamento do apêndice atrial es­ querdo ": "LAA CLOSURE  LEFT ATRIAL APPENDAGE CLOSURE",
        "Fenda da válvula mitral ": " MITRAL CLEFT",
        "Ferida / Ferimento ": " WOUND",
        "Ferimento de superfície ": "FLESH WOUND",
        "Ferramenta ": "TOOL",
        "Fezes ": "FECES",
        "Filamentos ": " STRANDS",
        "Fio / Cordão ": "STRING",
        "Fio guia ": "GUIDEWIRE",
        "Fio guia / Que se esterça / Flexível ": "STEERABLE GUIDEWIRE",
        "Fisionomia / Expressão facial / Semblante / Feições / Compostura ": "COUNTENANCE",
        "Fissura / Fresa / Partido ou dividido / Separado ": " CLEFT",
        "Flatos / Gases intestinais, é também usado para todos os gases inflamáveis ": "FARTING / FLATUS / GASES",
        "Fluídos / Soro ": "FLUIDS",
        "Fôlego / “ bad breath”  mau hálito ": "BREATH",
        "Folheto (folheto da válvula aórtica) ": "LEAFLET (AORTIC VALVE LEAFLET)",
        "Forma ondulada ": "WAVEFORM",
        "Formação / Colocação frontal / Colocação estratégica / Posicionamento ": "DEPLOY- MENT / STENT DEPLOYMENT",
        "Formigamento ": " TINGLING",
        "Formol ": " FORMALDEHYDE",
        "Frêmito diastólico ": "DIASTOLIC THRILL",
        "Frêmito sistólico ": "SYSTOLIC THRILL",
        "Frieira ": " ATHLETES’ FOOT",
        "Fumante que acende um cigarro no outro ": "CHAIN SMOKER",
        "Gaguejar ": "STUTTER (TO)",
        "Gago ": "STUTTERER",
        "Gaguice / Gaguejar ": " STUTTER",
        "Gasto de energia ": "EXPENDITURE (ENERGY)",
        "Gatilho / Detonador ": "TRIGGER (TRIG- GERING MECHANISM)",
        "Gengiva / Chiclete / Goma de mascar ": "“ chewing gum”  GUM",
        "Globo ocular ": "EYEBALL",
        "Grupo de Cruzamento ": " CROSSOVER GROUP",
        "Hereditário (herdar) ": " INHERITED / INHERIT (TO)",
        "Icterícia ": "JAUNDICE",
        "Idosos ": " ELDERY",
        "Imagem por ressonância magnética ": "M.R.I.  MAGNETIC RESONANCE IMAGING",
        "Implantar / Estender / Desenrolar / Abrir ": " DEPLOY",
        "Impressão digital ": "FINGER PRINT",
        "Impulso Simpático Central ": "CENTRAL SYMPATHETIC DRIVE",
        "Inalar ": "INHALE (TO)",
        "Inatividade das fezes / Prisão de ventre ": " CONSTIPATION (Não é um congestionamento nasal  resfriado é “ cold”)",
        "Inchado ": " SWOLLEN",
        "Incomensurável / Impenetrável / Inson­ dável ": "UNFATHOMABLE",
        "Incompetência / Falta de habilidade física ou mental ": "DISABILITY",
        "Índice de probabilidade / Razão de chances ": " ODDS RATIO",
        "Inédito / Inusitado ": "DE NOVO",
        "Infecção hospitalar ": " STAFF INFECTION",
        "Início / Começo / Investida / Ataque ": "ONSET",
        "Inquietação ": "RESTLESSNESS",
        "Inscrição / Registro / Matrícula / Alista­ mento ": " ENROLLMENT",
        "Insensibilidade / Anestesiado / Hipoes­ tesia ": " NUMBNESS",
        "Instalações ": "FACILITIES",
        "Instrumentadora ": " SCRUB NURSE",
        "Interrompido / Descontinuado ": " DISCON- TINUED",
        "Intoxicação alimentar ": "FOOD POISONING",
        "Inumerável / Incontável ": " NUMBERLESS",
        "Inundação / Derrame alveolar ": "FLOOD- ING (ALVEOLAR FLOODING)",
        "Inversamente / De maneira contrária / De modo oposto ": " CONVERSELY",
        "Isolado / Ocasional / Desencaminhado / Perdido / Extraviado ": " STRAYED",
        "Jejum / Abstinência ": " FASTING",
        "Julgar / Supor / Considerar como ": "DEEMED / DEEM (TO)",
        "MA.D.S. ": "Main Across Distal Side",
        "Maca ": "STRETCHER",
        "Maca / Leito ": "LITTER",
        "Machucado, lesão ou ferimento / Machu­ car­se, ferir­se ": " INJURY / TO INJURE",
        "Mais distante / Mais detalhado / Que vai além ": "FURTHER",
        "Mal­estar ": " MALAISE",
        "Malha ": " MESH",
        "Mancha / Nódoa / Matéria na lâmina de microscópio / Lambuzar / Besun­ tar / Manchar ": "SMEAR (PERIPHERAL BLOOD SMEAR)",
        "Mandado / Ordenado ": "WRIT",
        "Manobra de segurar ou prender o fôlego ": "BREATH MANEUVER",
        "Manobrar ": "MANEUVER (TO)",
        "Mão fechada ": "FIST",
        "Medicamentos antidepressivos (para pessoas usamos o termo “ depres­ sive”) ": "ANTIDEPRESSANT DRUGS",
        "Meio ambiental / Meio ambiente ": "ENVIRONMENTAL",
        "Meios de Cultura ": "CULTURE MEDIA",
        "Membros / Braços e pernas ": "LIMBS",
        "Laços financeiros / Ligações finan­ ceiras ": " TIES (FINANCIAL TIES)",
        "L.A.D. ": " Left Arterial Descending",
        "Lágrima ": "TEAR",
        "Lesão parecida ou similar a uma trança de cabelo / Uma lesão trançada ": "BRAID ( like lesion)",
        "Liberação médica ": "MEDICAL CLEARANCE",
        "Lidar com ": "COPE WITH (TO)",
        "Limiar / Entrada ou começo ": " THRESHOLD",
        "Líquido para gargarejo ": "MOUTHWASH",
        "Listra ": " STRIPE",
        "Livrar­se de ": "GET RID OF (TO)",
        "Lóbulo ": "LOBE",
        "Lutar / Batalhar / Combater ": " STRUGGLE",
        "Lutar / Combater ": " STRUGGLE (TO)",
        "Luz amplificada por emissão esti­ mulada de radiação ": " LASER  LIGHT AMPLIFIED BY STIMULATED EMISSION OF RADIATION",
        "Metáfora / Enigma / Quebra­cabeças ": "CONUNDRUMS",
        "Minúcias  MINUTIAE Modo de conduta / Estilo de conduta ": "STEPWISE FASHION",
        "Mola / Primavera / Nascente de água ": "SPRING",
        "Montagem / Cenário / Estrutura / Armação / Enrijecimento / Endureci­ mento ": "SETTING",
        "Montão / Pilha / Empilhar ": "STACKDECK",
        "Nada / Nada / Zero ": "NIL / NOTHING / ZERO",
        "Não estar ciente ": "UNAWARE",
        "Não respondentes ": " NONRESPONDERS",
        "Não significa acidente vascular cerebral, um AVC em inglês é um “ stroke” ": "A.V.C. (ABERRANT VEN- TRICULAR CONDUCTION)",
        "Narina ": "NOSTRIL",
        "Nível de glicose / Nível de HDL / Nível de LDL ": " GLUCOSE LEVEL / HDL LEVEL / LDL LEVEL.",
        "Não é o substan tivo “dor” e sim, “sen­ tir dor” (verbo) / Machucar ": " HURT (TO)",
        "Nível ": "LEVEL (por exemplo: Choles terol level / Glucose level)  Sempre usar “ level” em vez de “rate”, pois “rate” significa taxa e “ level” signi fica nível",
        "Nódoa / Mancha / Corante / Pigmento ": "STAINING",
        "Notar / Perceber / Observar ": "NOTICE (TO)",
        "Notável / Digno de nota ": "NOTEWORTHY",
        "Notável / Extraordinário / Formidável ": "STRIKING",
        "Notável / Extraordinário / Incomum ": "REMARKABLE",
        "Novas metas / Novos alvos / Inusi­ tados / Recente ": " NOVEL TARGETS",
        "Novo em folha (algo que nunca foi usado antes) ": "BRAND NEW",
        "Novos pacientes / Acolhimento ": "ACCEPTANCE",
        "Nuca ": "NAPE",
        "O mais importante / Principal ": " FORE- MOST",
        "O mais rápido possível ": "A.S.A.P. (AS SOON AS POSSIBLE)",
        "O parente mais próximo ": "THE NEXT OF KIN",
        "Obstrução / Obstáculo ": "BAFFLE",
        "Ofegante ": "PANTING",
        "Orçamento / Provisão / Estoque ": " BUDGET",
        "Orifício de entrada / Consumo / Ingestão ": "INTAKE",
        "P.A.L.S. ": " Pediatric Life Support",
        "P.F.O. CLOSURE ": "Patent Foramen Oval Closure",
        "Paciente virgem de tratamento ": "NAIVE PATIENT",
        "Padrão favo de mel / Alveoliforme / Esburacado / Corroído / Em forma de alvéolo ": "HONEYCOMB PATTERN",
        "Pais / Pai e mãe ": "PARENT",
        "Pálpebra ": "EYELID",
        "Palpitação ": " THROBBING / PALPITATION",
        "Panorama geral ": "OVERVIEW",
        "Panturrilha ": "CALF",
        "Parada cardíaca ": " CARDIAC STANDSTILL / CARDIAC ARREST",
        "Parentes ": "RELATIVES",
        "Passeio, galeria, corredor, ambula­ torial, refere­se a paciente que pode caminhar/andar ": "AMBULATORY",
        "Pastilha (para tosse etc.) ": " LOZENGE",
        "Pedra angular ": "CORNERSTONE",
        "Peito em forma de barril ": " BARREL SHAPED CHEST",
        "Percepções internas ": " INSIGHTS",
        "Perda de consciência ": " LOSS OF CON- SCIOUSNESS",
        "Perder / Perder peso ": "LOSE (TO) / LOSE WEIGHT",
        "Perecível ": " PERISHABLE",
        "Pertencendo a / Caracterizado por ou reple to de histórias ou casos ": "ANECDOTAL",
        "Peso bruto ": " GROSS WEIGHT",
        "Pesquisa de opinião ": "SURVEY",
        "Pessoa que fala com a língua presa ": "SPEAK WITH A LISP",
        "Picada de agulha ": " NEEDLESTICK",
        "Pináculo / Torre / Pico ": " PINNACLE",
        "Pinça ": " FORCEPS / OBSTETRICAL FORCEPS",
        "Pinças ": "TWEEZERS (OPTIC TWEEZERS)",
        "Pista para diagnóstico ": " CLUE",
        "Plaqueta ": "PLATELET",
        "Pó / Poeira ": " DUST",
        "Polegar ": "THUMB",
        "Ponta flexível ": " FLOPPY TIP",
        "Pontos de cirurgia ou costura ": "STITCHES",
        "Por meio dos quais / Pelo qual ": "WHEREBY",
        "Prazo máximo ": "DEADLINE",
        "Prejudicial / Daninho ": " HARMFUL",
        "Prescrição médica para paciente hos­ pitalizado ": " MEDICAL ORDER",
        "Pressão sistólica máxima no exer­ cício ": "M.E.S.P.  MAXIMAL EXERCISE SYSTOLIC PRESSURE",
        "Probabilidade ": "LIKELIHOOD",
        "Profissionais de saúde ": " HEALTHCARE WORKERS",
        "Profundidade / Fundo / Aprofundar ": "DEPTH / DEEP / DEEPEN (TO)",
        "Prolapso / Queda ": " PROLAPSE",
        "Prontamente / Incitar / Estimular de maneira rápida ": "PROMPTLY / PROMPT (TO)",
        "Propenso a ": "PRONE TO",
        "Prótese vascular feita de tricô ": " KNITTED VASCULAR PROSTHESIS",
        "Quadril / Quadris ": "HIP / HIPS",
        "Quatro vezes ao dia ": " Q.O.D. 4 TIMES A DAY",
        "Que vale a pena / De valor / Valioso / Merecedor / Meritório/ Digno / Ilustre / Honrado ": " WORTHY",
        "Quebrar / Arriar / Esgotamento ner­ voso / Colapso / “ a nervous break­ down” ": "BREAKDOWN",
        "Queixar­se / Lamentar­se / Reclamar ": "COMPLAIN (TO)",
        "Queixo ": "CHIN",
        "Quelação ": " CHELATION",
        "Questões / Perguntas ": " QUERIES",
        "Rasgar ": "TEAR (TO)",
        "Raso / Inconsistente / Inconsistência ": "SHALLOWNESS / SHALLOW",
        "Razões de risco / Relações do perigo ": "HAZARD RATIOS",
        "Realização / Conquistas / Feitos ": "ACHIEVEMENT",
        "Receita médica para adquirir medi­ camentos na farmácia ": "MEDICAL PRESCRIPTION",
        "Receita para farmácia ": "PRESCRIPTION",
        "Receptor do material doado (por exem­ plo: o sangue) ": "DONOR ACCEPTOR",
        "Recorrente / que se repete ": "RECURRENT",
        "Recuos / Perda de vantagem / Dar um passo para trás ": " DRAWBACKS",
        "Rede / Peso líquido ": "NET / NET WEIGHT",
        "Referir / Atribuir / Submeter / Recomen­ dar / Recorrer / Consultar ": " REFER (TO)",
        "Reforçar / Força / Forte ": " STRENGTHEN (TO) / STRENGTH / STRONG",
        "Reganhar / Recuperar ": "REGAIN (TO)",
        "Regulação inferior / Redução do número de receptores ": " DOWN REGULATION",
        "Reivindicar / Alegar / Requerer ": " CLAIM",
        "Remanescente ": "REMNANT (LIPO- PROTEIN)",
        "Respiração / Verbo “ to breathe”/ Respirar ": " BREATHING",
        "Respirar ": "BREATHE (TO)",
        "Respondentes iniciais / prematuros ": "EARLY RESPONDERS",
        "Respondentes tardios / Demorados / Atrasados ": "LATE RESPONDERS",
        "Resultados ": " OUTCOMES",
        "Resultados duros / Desfechos sóli­ dos / Desfechos consistentes ": "HARD ENDPOINTS",
        "Resultados secundários ": " SURROGATE ENDPOINTS RESULT",
        "Retirada ": "WITHDRAWAL",
        "Retorcido ": " KINKING",
        "Réu / Culpado / Acusado / Criminoso ": "CULPRIT",
        "Reunião para troca de ideias ": " CON- FERENCE",
        "Revestido / Coberto com uma camada ou demão / Recoberto ": "COATED",
        "Revestimento ": "COATING",
        "Revisar / Rever / Olhar com atenção ": "PEER REVIEW (TO)",
        "Revista científica ": "JOURNAL (Não con- fundir com newspaper, que quer dizer jornal de notícias com classificados, anúncios etc.)",
        "Rigidez ": "STIFFNESS",
        "Rígido / Cru / Marcante / Completo ": "STARK (por exemplo, Stark madness = loucura total)",
        "Risco de vida / Ameaça de morte": "  LIFE-THREATENING",
        "Rodear / Cercar / Incluir / Conter / Abranger ": "ENCOMPASS (TO)",
        "Roncar ": "SNORE (TO)",
        "Rótula do joelho ": "KNEE HINGE",
        "Rouquidão ": "HOARSENESS",
        "Rugoso / Desalinhado / Emaranhado / Áspero ": "SHAGGY",
        "Ruptura de Cápsula Fibrosa ": "CAP RUPTURE",
        "Sala de coleta de material para exame ": "UTILITY ROOM",
        "Sanatório ": "SANATORIUM",
        "Sanitário ": "SANITARY",
        "Sangria ": "BLOODLETTING",
        "Sangue estocado ": "BANK BLOOD",
        "Sapinho ou afta ": "THRUSH",
        "Sem dúvida alguma / Indubitavel­ mente ": " UNDOUBTEDLY",
        "Sem fôlego / Esbaforido / Ofegante / Sem vida ": " BREATHLESS",
        "Sem ocultação / às claras ": "UNBLINDED",
        "Seminário de estudo ": " SEMINAR",
        "Ser bom em algo ": "TO BE GOOD AT SOMETHING",
        "Seringa ": "SYRINGE",
        "Similaridade estrutural / Semelhança estrutural ": "RESEMBLANCE (STRUC- TURAL)",
        "Simplesmente / Escassamente / Apenas / Somente / Quase nada ": " BARELY",
        "Síndrome do avental branco / paletó / Casaco ": "WHITE COAT HYPERTENSION",
        "Sobrancelhas ": " EYEBROWS",
        "Sócio / Membro / Associado ": " MEMBER",
        "Sofrer  Dor física ou moral ": "SUFFER (TO)",
        "Sofrer uma cirurgia ": "UNDERGO A SURGERY (TO)",
        "Solto ": " LOOSE",
        "Soluços persistentes ": " HICCUPS (PER- SISTENT HICCUPS)",
        "Sopro contínuo ": "SEESAW (MURMUR)",
        "Stent Híbrido Farmacológico ": " HYBRID DRUG ELUTING STENT",
        "Stresse de cisalhamento ": "SHEAR STRESS",
        "Subnutrido ": "UNDERNOURISHED / UN- DERFED",
        "Sudorese ": "SWEATING",
        "Sufocado / Asfixiado / Reprimido ": "STIFLED",
        "Superintendência / Confiança / Nexo de dependência / Superseguro ": "OVER RELIANCE",
        "Supervisionar ": " OVERVIEW",
        "Suportar / Aguentar / Resistir a / Oporse a ": " WITHSTAND (TO)",
        "Suposto / Inconclusivo ": " PUTATIVE",
        "Surdez ": " DEAFNESS",
        "Suspirar ": "SIGH (TO)",
        "Tamanho único ": "ONE-SIZE-FITS-ALL",
        "Tamponado / Amortecido ": "BUFFERED",
        "Taxa / Taxa do dólar / Taxa de juros / Frequência cardíaca ": "RATE / DOLLAR RATE / INTEREST RATE / HEART RATE",
        "Tecido de cicatriz ": "SCAR TISSUE",
        "Tecnologia de ponta ": "CUTTING EDGE TECHNOLOGY",
        "Teimoso ": "STUBLOM",
        "Tela / Filtrar / Triagem ": " SCREEN",
        "Tela de cristal líquido ": " L.C.D.  LIQUID CRYSTAL DISPLAY",
        "Tela de fundo / uma montagem como de um evento histórico ": " BACKDROP",
        "Temperamento difícil ": "ILLTEMPERED",
        "Tempo de coagulação ": "CLOTTING TIME",
        "Tensão pré­menstrual  P.M.S. ": "PRE MENSTRUAL STRESS",
        "Tentativa de vômito / Forçar para vomitar ": "RETCHING",
        "Testa ": "FOREHEAD",
        "Teste rápido ": "SHUTTLE TEST",
        "Tijolo e argamassa ": " BRICK AND MORTAR",
        "Tirar sangue ": "DRAW BLOOD (TO)",
        "Tonto / Confuso ": " DROWSY",
        "Tonto / Tendo vertigens / Confuso (forma coloquial) ": " DIZZY",
        "Tontura ": " DIZZINESS",
        "Tornozelos ": " ANKLES",
        "Trabalho científico ": " PAPER",
        "Transmissão via sanguínea ": " BLOOD- BORNE",
        "Transportado via aérea / Que se pega pelo ar ": "AIRBORNE",
        "Traseiro ": " HINDER",
        "Três vezes por dia ": "T.I.D.  THREE TIMES A DAY",
        "Triagem / Prova de exclusão / Ras­ trear ": "SCREENING / SCREEN (TO)",
        "Trocar / Inverter ": "SWITCH (TO)",
        "Tuberculose ": " TB / CONSUMPTION / TUBERCULOSIS",
        "Tubo de limpeza ": "SCAVENGING TUBE",
        "Um corte ou uma costura oblíqua à textura do tecido / Inclinação / Impar­ cialidade / Justo / Na medicina: uma parcialidade ": "BIAS",
        "Um estudo de disposição / Formação / Arranjo / Ordem / Conjunto / Aparato ": "MICROARRAY (STUDY)",
        "Um fluxo (de sangue) que causa aver­ melhamento ": " FLUSHING",
        "Um lugar onde os medicamentos estão dispostos; especialmente em uma instituição pública onde o serviço é oferecido gratuitamente ": " DISPENSARY",
        "Um número de objetivos iguais agru­ pados ou que crescem juntos / Feixe / Molho / Cacho / Congérie ": "CLUSTER",
        "Um processo de se modificar um gene por meios químicos ": " IMPRINTING (A PROCESS OF MODIFYING A GENE BY CHEMICAL MEANS)",
        "Uma característica / Aspecto / Atuar proeminentemente em uma publi­ cação / Revista etc. ": "FEATURE",
        "Uma conexão ou passagem de fluxo sanguíneo que vaza por uma fenda ": "SHUNT / SHUNT LEAK",
        "Uma noção falsa / Uma falta de com­ preensão ": " MISCONCEPTIONS",
        "Uma população mais ampla / Um número maior ": " BROADER POPULATION",
        "Uma vez por dia ": "O.D. ONCE A DAY",
        "Umbigo ": " NAVEL",
        "Umidade / Que contém líquido / Molhado ": " MOIST",
        "Unguento / Unta­similar ao Vick Vapor Rub ": "OINTMENT",
        "União inadequada ou imperfeita / Acasalamento impróprio ": "MISMATCH",
        "Urina turva ": " CLOUDY URINE",
        "Valor de Corte ": "CUTOFF VALUE",
        "Valor emocional / Sentimental ": "EMO- TIONAL VALUE",
        "Vaso ou ducto que se estreita / Redu­ ção gradual / Afilamento ": " TAPERING VESSEL",
        "Ventre / Útero ": "WOMB / UTERUS",
        "Verificar / Olhar com atenção ": " LOOK INTO (TO)",
        "Vesícula ": " GALLBLADDER",
        "Viabilidade / Praticabilidade / Pos­ si bilidade / Algo possível de se praticar (algo viável) ": " FEASIBILITY",
        "Viciado (tóxicos) ": " ADDICT",
        "Vigente / Em andamento / Corrente­ mente ": " CURRENTLY",
        "Vigilância / Fiscalização ": "SURVEILLANCE",
        "Vindouro / Próximo (também tem o significado de disponível) ": " FORTH- COMING",
        "Vir de maneira natural / Incrementado de maneira natural / Devido a / Prove­ niente de ": " ACCRUING",
        "Virar­se de um lado para o outro ": "ROLL OVER (TO)",
        "Virar­se de um lado para outro ": " TURN OVER (TO) / ROLL OVER (TO)",
        "Virilha ": "GROIN",
        "Visitas inesperadas ": "UNANNOUNCED VISITS",
        "Volume sistólico ": " STROKE VOLUME",
        "Vomitar ": " THROW UP (TO)",
        "Vômito / Vomitar ": "SPEW / SPEW (TO)",
        "Vômito ou vomitar ": " PUKE / VOMIT (TO)"
    }
}