<b>Administração e Planejamento em Saúde</b>
Acreditação hospitalar
Agenda de saúde
Atendimento pré-hospitalar
Atendimento pré-hospitalar ﬁ xo
Atendimento pré-hospitalar móvel
Auditoria analítica
Auditoria operacional
Autorização de Internação Hospitalar 
(AIH)
Avaliação
Cadastro Nacional de Estabelecimentos 
de Saúde (CNES)
Cartão Nacional de Saúde
Centrais farmacêuticas
Cobertura de serviços de saúde
Comando único
Comissão intergestores
Comissão intergestores bipartite
Comissão intergestores tripartite
Comissões intersetoriais
Consórcios intermunicipais
Contra-referência
Contrato de compra de serviços
Contrato de gestão
Controle assistencial
Convênios
Departamento de Informática do SUS 
(Datasus)
Desburocratização
Descentralização
Distritalização
Gerência em saúde
Gestão avançada do sistema estadual
Gestão do sus
Gestão estadual de saúde
Gestão federal de saúde
Gestão municipal de saúde
Gestão plena da atenção básica
Gestão plena da atenção básica ampliada
Gestão plena do sistema estadual
Gestão plena do sistema municipal
Habilitação
Hemocad
Hemoinsp
Hemovigilância
Hospitalização do idoso
Infecção hospitalar
Intituto Nacional de Câncer (Inca)
Instrumentos de gestão em saúde
Internação hospitalar
Intersetorialidade
Lavanderia hospitalar
Lei de Diretrizes Orçamentárias (LDO)
Leito hospitalar
Licitação
Microrregião de saúde
Módulo assistencial
Município-pólo
Município-sede do módulo assistencial
Observação hospitalar
Ouvidoria da saúde
Plano de saúde (gestão do SUS)
Plano diretor de regionalização
Plano nacional de saúde do sistema 
penitenciário
Plano nacional de vacinas anti-hiv/aids
Plano Plurianual (PPA)
Posto de saúde
Profae
Programa de combate às carências 
nutricionais
Programa qualidade do sangue
Programação Pactuada e Integrada (PPI)
Programas de saúde
Projeto bela vista
Projeto carteiro amigo
Projeto horizonte
Prontuário médico
Quadro de metas
Redes regionais
Reforsus
Região de saúde
Relatório de gestão
Relatório de vistoria
Resolutividade
Secretaria-executiva
Sistema de Informações Ambulatoriais 
(SIA-SUS)
Sistema de Informações da Atenção 
Básica (SIAB)
Sistema de Informações sobre Agravos de 
Notiﬁ cação (Sinan)
Sistema de Informações do Programa 
Nacional de Imunizações (SI-PNI)
Sistema de Informações Hospitalares 
(SIH-SUS)
Sistema de Informações sobre 
Mortalidade (SIM)
Sistema de Informações sobre Nascidos 
Vivos (SINAV)
Sistema de Informações sobre 
Orçamentos Públicos em Saúde 
(Siops)
Sistema de Informações sobre Vigilância 
Alimentar e Nutricional (Sisvan)
Sistema Nacional de Auditoria
Sistema Nacional de Laboratórios de 
Sorologia Para HIV
Sistema Único de Saúde (SUS)
Sistemas de informação
Sistemas de informação em saúde
Termo de compromisso
Unidade mista
Unidades de referência
<b>Acidentes e Violência</b>
Abuso ﬁ nanceiro aos idosos
Abuso incestuoso
Abuso sexual na infância
Acidentes ampliados
Acidentes de trabalho
Acidentes de trabalho fatais
Acidentes de trabalho graves
Acidentes de trânsito
Acidentes de transporte
Autonegligência
Casas de apoio para mulheres em 
situação de risco
Comunicação de acidente do trabalho
Conselho tutelar
Conselhos de defesa dos direitos da 
criança e do adolescente
Conselhos dos direitos da mulher
Delegacia
Estupro
Informação tóxico-farmacológica
Medida cautelar
Negligência
Notiﬁ cação de maus-tratos
Reabilitação
Riscos ocupacionais
Sexo forçado no casamento
Síndrome da criança espancada
Síndrome de munchausen por 
provocação
Síndrome do bebê sacudido
Suporte avançado de vida
Suporte básico de vida
Veículos para atendimento pré-hospitalar
Violência econômica
Violência física
Violência institucional
Violência intrafamiliar
Violência psicológica
Violência sexual
<b>Alimentação e Nutrição</b>
Alimentação saudável
Alimento artiﬁ cial
Alimento complementar
Alimento dietético
Alimento 
in natura
Alimento integral
Amamentação exclusiva
Anorexia nervosa
Avaliação antropométrica
Baixo peso ao nascer
Banco de leite humano
Bem-estar nutricional
Bulimia
Composição dos alimentos
Crescimento
Crescimento compensatório
Cretinismo
Deﬁ ciência de ferro
Deﬁ ciência de micronutrientes
Deﬁ ciência primária de iodo
Deﬁ ciências nutricionais
Deﬁ cit
 de altura
Desmame
Desnutrição
Desnutrição crônica
Desnutrição energético-protéica
Dieta
Digestão
Dislipidemia
Distúrbios alimentares
Doenças da nutrição
Endemias carenciais
Enriquecimento alimentar
Ferro medicamentoso
Fracionamento de alimentos
Gelados comestíveis
Hipovitaminose A
Idiotia
Índice de pobreza humana
Macronutrientes
Micronutrientes
Nutrimento
Obesidade
Orientação alimentar
Pirâmide alimentar
Produção de alimentos
Programa de combate às carências 
nutricionais
Projeto carteiro amigo
Recomendações nutricionais
Rotulagem nutricional
Segurança alimentar
Vegetarianismo
<b>Ambiente e Saúde</b>
Benzeno
Chumbo
Controle químico
Desinfetante
Detergente
Estudos ecológicos
Explosão demográﬁ ca
Inseticidas piretóides
Riscos ocupacionais
Ruído
Salubridade ambiental
Solventes orgânicos
<b>Atenção à Saúde</b>
Abordagem médica tradicional do adulto 
hospitalizado
Ação racional
Acidentes de trabalho
Ações estratégicas
Acompanhamento do crescimento e 
desenvolvimento infantil
Aconselhamento
Aconselhamento coletivo
Agentes comunitários da saúde
Alta complexidade
Amamentação exclusiva
Anticoncepção de emergência
Árvore de causas
Assistência à saúde
Assistência ambulatorial
Assistência aos trabalhadores
Assistência farmacêutica
Assistência farmacêutica básica
Atenção à saúde
Atenção básica
Atenção humanizada ao recém-nascido 
de baixo peso
Atividade de apoio diagnóstico e 
terapêutico
Autonegligência
Avaliação da autonomia e capacidade 
funcional
Avaliação da saúde mental
Baixo peso ao nascer
Banco de leite humano
Biblioteca viva
Centrais de regulação médica de 
urgências
Central nacional de transplante
Centro de referência em assistência à 
saúde do idoso
Centro de saúde
Centro de testagem e aconselhamento 
em aids
Centro nacional de regulação de alta 
complexidade
Centro regional de especialidade
Centros de atenção psicossocial
Centros de orientação e apoio sorológico
Centros de saúde
Climatério
Coito interrompido
Comunicação de acidente do trabalho
Consulta geriátrica
Crescimento
Cuidado comunitário do idoso
Deﬁ cit 
de altura
Dermatoses ocupacionais
Desmame
Distritalização
Doença proﬁ ssional
Doenças do trabalho
Domiciliação do risco
Estabelecimentos de saúde
Gestação de alto risco
Grupo de apoio ao idoso
Hábitos saudáveis
Hemocentro
Herança genética
Hierarquização
Hospital
Hospital amigo da criança
Hospital de base
Hospital de capacidade extra
Hospital-dia geriátrico
Hospital especializado
Hospital local
Hospital regional
Hospitalização do idoso
Humanização
Humanização do atendimento
Imunologia
Integralidade
Mamograﬁ a
Média complexidade
Médico regulador
Menopausa
Métodos contraceptivos
Métodos de barreiras
Modelo ecológico
Mutirão
Níveis de complexidade
Núcleos de educação em urgências
Perda auditiva induzida por ruído
Planejamento familiar
Plano nacional de saúde do sistema 
penitenciário
Política nacional de saúde do idoso
Posto de medicamentos
Preservativo feminino
Preservativo masculino
Programa de humanização no pré-natal e 
nascimento
Programa de interiorização do trabalho 
em saúde
Programa nacional de humanização da 
assistência hospitalar
Programa saúde da família
Quarentena
Reabilitação
Rede de suporte ao idoso
Rede nacional de genotipagem
Redes sociais
Reposição de nicotina
Saúde da criança
Saúde da mulher
Saúde do adolescente e do jovem
Saúde do trabalhador
Saúde indígena
Serviço de assistência especializada
Sistemas formais de cuidados
Sistemas informais de cuidados
Suporte social
Unidade de saúde da família
Unidade sanitária
<b>Ciência e Tecnologia em Saúde</b>
Biossegurança
Biotecnologia
Cartão Nacional de Saúde
Ciência e tecnologia
Departamento de Informática do SUS 
(Datasus)
Desenvolvimento tecnológico
Ensaio terapêutico
Ensaios clínicos
Ensaios de comunidade
Ética em pesquisa
Hemocad
Hemoinsp
Hemovigilância
Instituição de pesquisa
Pesquisa
Pesquisa em reprodução humana
Pesquisa em saúde
Pesquisa envolvendo seres humanos
Pesquisador responsável
Projeto bela vista
Protocolo de pesquisa
Sistema de Informações Ambulatoriais 
(SIA-SUS)
Sistema de Informações Hospitalares 
(SIH-SUS)
Sistema de Informações da Atenção 
Básica (SIAB)
Sistema de Informações sobre Agravos 
De Notiﬁ cação (Sinan)
Sistema de Informações de Hiv 
Soropositivo Assintomático
Sistema de Informações do Programa 
Nacional De Imunizações (SI-PNI)
Sistema de Informações sobre 
Mortalidade (SIM)
Sistema de Informações sobre Nascidos 
Vivos (Sinav)
Sistema de Informações sobre Vigilância 
Alimentar e Nutricional (Sisvan)
Sistemas de informação
Sistemas de Informação em Saúde
<b>Ciências Sociais em Saúde</b>
Adolescente
Aprendizagem social
Estrutura de gênero
Família
Garoto de programa
Gênero
Grupo matricial
Identidade sexual
Idoso
Proﬁ ssionais do sexo
Sexualidade
Sistema de gênero
<b>Comunicação em Saúde</b>
Biblioteca Virtual em Saúde
Biblioteca viva
Propaganda de produtos farmacêuticos
<b>Demograﬁ a</b>
Composição populacional
Envelhecimento populacional
Expectativa de vida ao nascer
Explosão demográﬁ ca
Feminilização no envelhecimento
Indicadores demográﬁ cos
Método direto de padronização
Morbimortalidade
Pátrio poder
População economicamente ativa
Trabalhador
Trabalhador coletivo
Trabalho precoce
Transição demográﬁ ca
<b>Direito Sanitário</b>
Autorização de exportação
Autorização de importação
Autorização sanitária
Certiﬁ cado de boas práticas de fabricação
Certiﬁ cado de registro de produto
Conselhos dos direitos da mulher
Cuidados paliativos
Direitos civis e políticos
Medida cautelar
Norma operacional básica
Norma Operacional de Assistência à 
Saúde (NOAS)
Registro de produto
<b>Doenças</b>
Aids
Aids pediátrica
Amebíase
Anemia
Anemia falciforme
Anorexia nervosa
Antraz
Artrite reumatóide
Asbestose
Asma
Benzenismo
Bócio
Bulimia
Câncer de esôfago
Câncer de estômago
Câncer de mama
Câncer de pâncreas
Câncer de pele
Câncer de pênis
Câncer de próstata
Câncer do colo do útero
Cancerologia
Cancro duro
Cancro mole
Candidíase
Catarata
CDCélula TCélula TChlamydia trachomatis
Citomegalovírus
Citopatologia
Clamidiose
Cólera
Colesterol
Condiloma acuminado
Contágio
Coqueluche
Corrimento
Cretinismo
Deﬁ ciência de ferro
Deﬁ ciência de micronutrientes
Deﬁ ciência primária de iodo
Dengue
Depressão
Dermatite atópica
Dermatite de contato alérgica
Dermatite de contato irritativa
Dermatite seborréica
Dermatoﬁ tose
Dermatoses ocupacionais
Desidratação
Desnutrição
Desnutrição crônica
Desnutrição energético-protéica
Diabetes
Diarréia
Diarréia aguda
Difteria
Dislipidemia
Distúrbio Osteomuscular Relacionado ao 
Trabalho (DORT)
Distúrbios alimentares
Doença de Chagas
Doença de Parkinson
Doença de Wilson
Doença proﬁ ssional
Doenças cardiovasculares
Doenças crônico-degenerativas
Doenças da nutrição
Doenças das vias aéreas
Doença de Alzheimer
Doenças degenerativas
Doenças do trabalho
Doenças dos idosos
Doenças falciformes
Doenças oportunistas
Doenças prevalentes
Doenças renais
Doenças sexualmente transmissíveis
Donovanose
Eczema
Endemias carenciais
Epilepsia
Escabiose
Febre amarela
Febre do nilo ocidental
Febre tifóide
Furúnculo
Gonorréia
Guias terapêuticos padronizados
Hanseníase
Hemoﬁ lia
Hepatite
Hepatite viral
Hepatite viral A
Hepatite viral B
Hepatite viral C
Hepatite viral D
Hepatite viral E
Herpes simples
Hipertensão arterial
Hipovitaminose A
Idiotia
Impetigo
Imunodeprimido
Imunopatogênico
Infecção hospitalar
Insuﬁ ciência renal
Leptospirose
Linfadenopatia persistente generalizada
Linfogranuloma venéreo
Malária
Obesidade
Papiloma Vírus Humano (HPV)
Pediculoses
Peste
Pneumoconiose
Portador assintomático
Portador sintomático
Raiva humana
Retinopatia diabética
Sarampo
Sarcoma de Kaposi
Saturismo
Sensibilidade diagnóstica
Síﬁ lis
Síﬁ lis congênita
Silicose
Soroconversão
Soropositivo
Tétano
Tracoma
Tuberculose
Uretrites
Urticária
<b>Drogas de Uso Terapêutico e Social</b>
Alcoolismo
Alcoólatra
Bebedor moderado
Bebedor-problema
Comunidades terapêuticas
Dependente de álcool
Doenças cardiovasculares
Drogas ilícitas
Drogas injetáveis
Drogas lícitas
Embriaguez
Redução de danos
Usuários de droga injetável
<b>Economia de saúde</b>
AIDS II
Fator de Incentivo ao Desenvolvimento 
de Ensino e Pesquisa (Fideps)
Fração assistencial especializada
Fundo Estadual de Saúde
Fundo Municipal de Saúde
Fundo Nacional de Saúde
Fundos de saúde
Incentivo de Integração ao Sistema 
Único de Saúde (Integrasus)
Incentivos
Índice de valorização de resultado
Lei de Diretrizes Orçamentárias (LDO)
Limite ﬁ nanceiro
Orçamento da seguridade social
Piso da Atenção Básica (PAB)
Plano Plurianual (PPA)
Programação pactuada e integrada (PPI)
Remuneração por serviços produzidos
Teto ﬁ nanceiro da Assistência do Estado 
(TFAE)
Teto ﬁ nanceiro da Assistência do 
Município (TFAM)
<b>Epidemiologia</b>
Baixo peso ao nascer
Centro Nacional de Epidemiologia
Coeﬁ ciente de morbidade
Comportamento sexual
Controle de endemias
Coorte
Endemia
Epidemia
Epidemiologia descritiva
Estudos descritivos
Feminização da aids
Fundação Nacional de Saúde (Funasa)
Incidência
Índice de pobreza humana
Interiorização da aids
Janela imunológica
Método epidemiológico
Nascido morto
Nascido vivo
Óbito fetal
Óbito hospitalar
Óbito materno
Óbito neonatal
Óbito neonatal precoce
Paciente-dia
Pauperização da aids
Perﬁ l nosológico
Prevalência
Projeto horizonte
Rede sentinela nacional de parturientes
Sistema de informações de hiv 
soropositivo assintomático
Soroprevalência
Taxa de ataque
Vigilância epidemiológica
Vigilância sentinela
Vulnerabilidade
<b>Eqüidade em saúde e social</b>
Centro Regional de Especialidade
Centros de saúde
Eqüidade
Perﬁ l epidemiológico
Prevalência
Regulação Assistencial
Universalidade
<b>Ética e Bioética</b>
Bioética
Ética em pesquisa
Pesquisa em reprodução humana
Pesquisa em saúde
Pesquisa envolvendo seres humanos
Pesquisador responsável
Transplante de órgãos
<b>História da Saúde Pública</b>
Franca explosão demográﬁ ca
<b>Medicamentos, Vacinas e Insumos</b>
Aditivo químico
Adjuvantes farmacêuticos
Analgésicos adjuvantes
Análogos de nucleosídeos
Antibióticos
Antibioticoterapia
Antimicrobianos
Anti-retroviral
Assistência farmacêutica
Assistência farmacêutica básica
Automedicação
Azitodimidina
Banco de Preços em Saúde – Aids
Banco de Preços Praticados na Área 
Hospitalar
Biodisponibilidade
Bioequivalência
Carga viral
Centrais farmacêuticas
Componente
Concentração
Coquetel anti-aids
Corantes de medicamentos
Correlatos
D4T
Denominação comum brasileira
Dideoxiinosine
Dideoxitidina
Dispensação
Dispensário de medicamentos
Drogas
Eﬁ cácia dos medicamentos
Elisa
Ensaio terapêutico
Ensaios clínicos
Ensaios de comunidade
Equipamento de diagnóstico
Equivalência 
in vitro
Estudo de utilização de medicamentos
Estudo terapêutico ampliado
Estudo terapêutico piloto
Evento adverso
Evento adverso inesperado
Evento adverso sério
Exame de genotipagem
Farmácia popular
Farmácias magistrais
Fármaco
Farmacocinética
Farmacodinâmica
Farmacoepidemiologia
Farmacopéia brasileira
Farmacoterapia
Farmoquímicos
Forma de comercialização
Formulação farmacêutica
Formulário terapêutico nacional
Insumo farmacêutico
Intercambialidade
Laboratório oﬁ cial
Margem terapêutica
Matéria-prima
Medicamentos bioequivalentes
Medicamentos biológicos
Medicamentos biotecnológicos
Medicamentos de controle especial
Medicamentos de dispensação em caráter 
excepcional
Medicamentos de referência
Medicamentos de saúde mental
Medicamentos de uso contínuo
Medicamentos de venda livre
Medicamentos estratégicos
Medicamentos excepcionais
Medicamentos ﬁ toterápicos
Medicamentos genéricos
Medicamentos homeopáticos
Medicamentos para a atenção básica
Medicamentos similares
Medicamentos tarjados
Módulo-padrão de suprimento
Nome comercial
Notiﬁ cação de receita
Órgão de vigilância sanitária competente
Plano nacional de vacinas anti-HIV/aids
Posto de medicamentos
Princípio ativo
Produto biológico
Produto de higiene
Produto dietético
Produto farmacêutico
Produto intermediário
Produto médico estéril
Produto médico invasivo
Produtos médicos
Produtos para diagnóstico de uso 
in-vitro
Protocolos clínicos
Psicotrópicos
Pureza
Quimioterápicos
Reação adversa
Relação Nacional de Medicamentos 
Essenciais (Rename)
Substância ativa
Substância proscrita
Testagem sorológica
Uso racional de medicamentos
Western blot
<b>Políticas Públicas e Saúde</b>
Agência Nacional de Saúde (ANS)
Comissões Intergestores
Conselho de Secretários Municipais de 
Saúde
Conselho Estadual de Saúde
Conselho Municipal de Saúde
Conselho Nacional de Saúde
Conselho Nacional de Secretários 
Estaduais de Saúde
Conselho Nacional de Secretários 
Municipais de Saúde
Conselhos de Saúde
Controle social
Cooperativas médicas
Farmácia popular
Operadora de saúde
Plano de saúde
Unidade territorial de qualiﬁ cação na 
assistência à saúde
<b>Promoção e Educação em Saúde</b>
Acreditação hospitalar
Banco de preservativos
Controle social
Crenças em saúde
Educação sexual
Métodos contraceptivos
Suporte social
<b>Saúde Animal</b>
<b>Políticas Públicas e Saúde</b>
Análise de controle
Análise ﬁ scal
Análise prévia
Assistência aos trabalhadores
Autoridade sanitária
Autorização de modelo
Certiﬁ cação de conformidade
Controle de qualidade
Data de vencimento
Declaração de saúde do viajante
Declaração marítima de saúde
Desinfetante
Detergente
Farmacovigilância
Hemocad
Hemocentros
Hemoderivados
Hemoinsp
Hemovigilância
Imunologia
Inseticida
Inspeção de qualidade
Inspeção sanitária
Licença
Lote
Marca de comércio
Matéria-prima
Material de embalagem
Órgão de vigilância sanitária competente
Poder de polícia
Porto de controle sanitário
Procedimento operacional padronizado
Produto a granel
Produto acabado
Produto semi-elaborado
Programa qualidade do sangue
Pureza
Raticida
Regulamento técnico
Rotulagem nutricional
Rótulo
Saneantes domissanitários
Saúde do trabalhador
Tecnovigilância
Titular de registro
Trabalhador
Vigilância nacional de parturientes
<b>Recursos Humanos em Saúde</b>
Educação continuada
Equipe multiproﬁ ssional
Formação proﬁ ssional
Gestor de saúde
Pólos de capacitação
Profae
Qualiﬁ cação proﬁ ssional
	
