{
    "Acidentes e Violência": "Refere-se ao conjunto de agravos à saúde que pode levar a óbito ou seqüelas irreversíveis que inclui as causas ditas acidentais: devidas ao trânsito, trabalho, quedas, envenenamen-tos, afogamentos e outros tipos de acidentes, e as causas intencionais como agressões e le-sões autoprovocadas.Inclui subtemas como: abuso sexual, aciden-tes com animais peçonhentos, acidentes de trânsito, acidentes do trabalho, homicídios, intoxicações e envenenamentos, maus-tratos contra o idoso, maus tratos na infância, sui-cídios, violência doméstica, violência contra as mulheres, acidentes em ambientes domés-ticos, etc.",
    "Administração e Planejamento em Saúde": "Refere-se à organização, elaboração de planos e políticas públicas e governamentais, ao con-junto de normas e funções regidas por princí-pios e práticas administrativas, gestão, plani-ﬁ cação e gerência.Inclui subtemas como: administração de ser-viços de saúde, administração hospitalar, ge-rência em saúde, planejamento em saúde, ad-ministração pública em saúde, modelos de atenção, orçamentos públicos, avaliação de programas e serviços, territorização, deman-da e utilização de serviços, etc.",
    "Alimentação e Nutrição": "Refere-se a todos os tipos de substâncias que têm por função alimentar ou nutrir seres hu-manos e animais.Inclui subtemas como: avaliação alimentar e nutricional, necessidades nutricionais e ali-mentares, política de alimentação e nutrição, segurança alimentar e nutricional, vigilância alimentar e nutricional, alimentos funcionais e geneticamente modiﬁ cados, epidemiologia dos distúrbios da nutrição, atropometria, etc.",
    "Ambiente e Saúde": "Refere-se ao estudo das interações entre os seres vivos e o meio, dedica-se a analisar as formas de vida, substâncias agressivas e con-dições adequadas ou inadequadas, produzi-das pela ação humana, que podem exercer al-guma inﬂ uência sobre a sua saúde e sobre o meio em que vive.Inclui subtemas como: águas de abastecimen-to para consumo humano, águas residuais, resíduos sólidos, controle ambiental e polui-ção, desastres naturais, emergências ambien-tais, legislação e direito ambiental, educação ambiental, política, planejamento e gestão ambiental, qualidade ambiental (do ar, da água, do solo), saneamento ambiental, eco-logia sanitária, saúde e trabalho, economia e meio ambiente, desenvolvimento sustentável, gestão de riscos e de impactos ambientais, in-dicadores de contaminação, psicologia am-biental, efeitos sobre o consumo e exposição a produtos tecnológicos que tragam danos à saúde, agentes tóxicos, luz ﬂ uorescentes, ele-tricidade estática, computador, telefonia ce-lular, torres eletromagnéticas, efeito estufa, cidades saudáveis, entornos saudáveis, etc.",
    "Atenção à Saúde": "Refere-se à proteção e atenção à saúde dos di-versos grupos etários que correspondem aos ciclos vitais: feto, criança, adolescente, jovem, mulher, homem, adulto e idoso; e aos serviços de saúde correspondentes às ações de atenção.Inclui subtemas como: atenção integral à saú-de, atenção primária à saúde/atenção básica à saúde, avaliação de programas e serviços, hu-manização em saúde, imunização/vacinação, modelos de atenção, níveis de atenção à saú-de, programas de assistência em saúde, quali-dade em saúde, saúde bucal, saúde da crian-ça, saúde da família, saúde da mulher, saúde do adolescente e do jovem, saúde do adulto, saúde do idoso, saúde do indígena, saúde dos portadores de deﬁ ciências, saúde e trabalho, saúde mental, saúde reprodutiva, saúde do homem, saúde suplementar, etc.",
    "Ciência e Tecnologia em Saúde": "Refere-se a investimentos públicos em ciência e tecnologia; desenvolvimento institucional e de formação de pessoal voltados à ciência e tecnologia em saúde; políticas públicas e de gestão em Ciência e Tecnologia.Inclui subtemas como: desenvolvimento ins-titucional, ﬁ nanciamento em Ciência e Tec-nologia, formação de recursos humanos para Ciência e Tecnologia em saúde, políticas de Ciência e Tecnologia/prioridades em pes-quisa, gestão em pesquisa em saúde, comu-nicação cientíﬁ ca, divulgação, revistas espe-cializadas, incorporação de conhecimentos e tecnologias, etc.",
    "Ciências Sociais em Saúde": "Refere-se aos estudos que se utilizam ou são elaborados pelas ciências sociais aplicados ao campo da Saúde Pública. Abrange: dinâmi-cas e movimentos socioculturais, relações in-terpessoais e de grupos; diversidades étnicas, questões de gênero; modos de vida relaciona-dos à proteção ou agressão à saúde, sofrimen-tos psíquicos e doenças sociais.Inclui subtemas como: saúde/doença e cultu-ra, reivindicações sociais pela atenção à saú-de, dimensões éticas e políticas da atenção à saúde, interesses internacionais e proteção à saúde nacional e regional, assistência à saú-de como direito social, dimensões simbólicas e psicológicas e saúde, saúde mental, cidada-nia, sociologia da saúde, antropologia da saú-de, antropologia médica, gênero, etc.",
    "Comunicação em Saúde": "Refere-se ao conjunto dos meios de comu-nicação de massa voltados a divulgação de produtos, serviços, ações preventivas e iden-tiﬁ cação de riscos relacionados à saúde ou morbidades de interesse individual ou coletivo.Inclui subtemas como: mídia (jornal, rádio, televisão, conteúdos e imagens digitais, etc), redes de informação especializadas, comuni-cação social, revistas, campanhas sanitárias, divulgação de descobertas cientíﬁ cas e tecno-lógicas, etc.",
    "Demograﬁa": "Refere-se aos estudos das populações huma-nas, com o objetivo de caracterizá-las e anali-sar tendências populacionais.Inclui subtemas como: fertilidade e fecun-didade, tipos de doenças e óbitos em grupos populacionais, traçados culturais, questões de gênero e políticas em saúde reprodutiva, ﬂ u-xos migratórios, dinâmica populacional, ta-manho da população, estatísticas vitais, etc.",
    "Direito Sanitário": "Refere-se ao conjunto de leis e normas, na-cional e internacional, que compõe o sistema jurídico no que se refere à saúde dos cidadãos e da coletividade. Abrange organização da ad-ministração sanitária, responsabilidade ética, administrativa, civil e penal dos proﬁ ssionais e dos serviços de saúde e a aplicação dos ins-trumentos legais para a tutela e garantia do direito à saúde.Inclui subtemas como: direito à saúde pú-blica, direito sanitário, advocacia em saú-de, bioética, saúde coletiva, direitos huma-nos, poder de polícia sanitária, legislação em saúde, risco à saúde, crime hediondo, cri-me contra a saúde pública, infrações sani-tárias, segurança sanitária internacional, di-reito sanitário ambiental, responsabilidade ética, civil e criminal, direitos do portador de doença mental, direito sanitário do tra-balho, direito sanitário, direito do consumi-dor, etc.",
    "Doenças Crônicas e Degenerativas": "Refere-se ao conjunto de doenças relaciona-das a múltiplos fatores de risco ambientais (hábitos de vida, ambiente ocupacional, am-bientes em geral), fatores genéticos e enve-lhecimento populacional.Inclui subtemas como: doença pulmonar obstrutiva crônica, câncer, diabetes, doenças cardiovasculares, doenças reumáticas, ane-mia, obesidade, carências nutricionais, etc.",
    "Doenças Infecciosas e Parasitárias": "Refere-se ao conjunto de infecções que po-dem ser adquiridas por contato direto de pessoa a pessoa, indireto e por contamina-ção biológica, alimentar e ambiental, e tam-bém por vetores biológicos.Inclui subtemas como: aids, cólera, dengue, diarréia, doenças sexualmente transmissíveis, febre amarela, outras arboviroses, hansenía-se, hepatite, infecções hospitalares, menin-gite, raiva, sarampo, tuberculose, malária, zoonoses, esquistossomose, doenças transmi-tidas por alimentos, doença de chagas, leish-manioses, ﬁ lariose, outras doenças veiculadas por vetores, ascaridiose, outras helmintíases, doen ças emergentes e reermegentes, etc.",
    "Drogas de Uso Terapêutico e Social": "Refere-se aos efeitos causados pelo consumo de substâncias químicas e seus desdobramen-tos sobre as atividades físicas, psíquicas ou so-bre o comportamento humano.Inclui subtemas como: usos e dependências, farmacodependência, políticas e programas de prevenção e controle, legislação nacional e internacional de interesse sanitário, responsa-bilidade criminal, alcoolismo, tabagismo, de-sintoxicação de ingestão de substâncias quí-micas, etc.",
    "Economia da Saúde": "Refere-se aos estudos sobre gasto e ﬁ nancia-mento em saúde, alocação e utilização de re-cursos no setor Saúde, avaliação econômica (análise custo-efetividade e custo-benefício de programas, procedimentos, intervenções e políticas públicas), eﬁ ciência e custos na pres-tação de serviços, análise da demanda e utili-zação de serviços, processos de reforma seto-rial, organização dos serviços e modalidades de pagamento, análise do funcionamento e das falhas de mercado no setor Saúde.Inclui subtemas como: avaliação econômica (análise custo-benefício e custo-efetividade), demanda e utilização de serviços, gasto e ﬁ -nanciamento, organização e funcionamento do setor, relação público-privado e regula-mentação do setor, orçamentos públicos, alo-cação e utilização de recursos, SUS, etc.",
    "Epidemiologia": "Refere-se aos estudos retrospectivos e pros-pectivos da distribuição e dos determinan-tes da prevalência das doenças em pessoas e animais, envolvendo o estudo dos fatores que propiciam a ocorrência das doenças, inquéri-tos e investigação epidemiológica.Inclui subtemas como: análise da situação de saúde, estrutura epidemiológica de gru-pos populacionais, bioestatística, métodos epidemiológicos, sistemas de informação em saúde, iIndicadores de saúde, estudos popu-lacionais, estatística vital, epistemologia em epidemiologia, determinantes da saúde e da doença, etc.",
    "Eqüidade em Saúde e Social": "Refere-se à igualdade de recursos para neces-sidades iguais, de oportunidades de acesso para iguais necessidades, utilização dos mes-mos recursos políticos, materais, de pessoal e econômico, para neceesidades iguais, ética na aplicação de tecnologia e recursos ﬁ nanceiros às demandas sociais.Inclui subtemas como: eqüidade e iniquida-de à saúde, iniqüidade social, desigualdade de renda, distribuição de riqueza, desigualdade e questões de gênero, desigualdade raciais e ét-nicas, desigualdade por grupo etário, coesão social nas relações humanas, população peri-férica, condições de vida, direitos Humanos, justiça social, preconceito, desvios sociais, marginalidade, semelhanças e diferenças ét-nicas e culturais, laços sociais, intolerância social, direitos de grupos minoritários às po-líticas de saúde, exclusão e inclusão social, acesso à informação, etc.",
    "Ética e Bioética": "Refere-se ao conjunto de regras de conduta moral, deontológica e social que regulamen-tam as relações mútuas entre os indivíduos ou entre estes e a comunidade e o meio. A bioética volta-se ao estudo dos valores morais das ciências da vida e dos cuidados da saúde, de abrangência individual ou coletiva.Inclui subtemas como: ética em pesquisas em saúde, ética nos serviços de saúde, bioética e alocação de recursos de saúde, bioética e ações coletivas de saúde, transplantes e comerciali-zação de órgãos, morte assistida, fertilização artiﬁ cial, clone humano, genoma, etc.",
    "História da Saúde Pública": "Refere-se às investigações voltadas a história das políticas, instituições e proﬁ ssões de saú-de pública, história das ciências biomédicas e das doenças, modos de vida e práticas curati-vas populares; saúde e cidades.Inclui subtemas como: história/processos e eventos relativos à saúde pública, história das ciências biomédicas, história da medicina e das doenças, guias de acervos, catálogos, in-ventários bibliográﬁ cos e similares; historio-graﬁ a e metodologia, história das políticas, instituições e proﬁ ssões em saúde, história das mentalidades sobre saúde e doença, etc.",
    "Medicamentos, Vacinas e Insumos": "Refere-se à produção cientíﬁ ca e tecnológica referentes à biotecnologia e farmacologia de produtos de origem sintética e natural para consumo da população.Inclui subtemas como: sangue e derivados, pesquisas e produção em laboratórios de saúde pública, vacinas e reagentes para diagnóstico laboratorial, farmácia, qualidade dos medica-mentos, patentes, campanhas de imunização, medicamentos essenciais e genéricos, contro-le de medicamentos e entorpecentes, uso de medicamentos, legislação de medicamentos, comercialização de medicamentos, armazena-gem de medicamentos, avaliação de medica-mentos, política de medicamentos, etc.",
    "Políticas Públicas e Saúde": "Refere-se à arena de interesses políticos, so-ciais e econômicos relativos ao domínio pú-blico relacionados ao setor da saúde.Inclui subtemas como: cidadania, ação polí-tica de domínio e interesse público, avaliação e desempenho das políticas públicas, gestão pública, advocacia em saúde da população, emponderamento, reforma do setor Saúde, participação popular, conselhos de saúde, controle social, movimentos sociais em saú-de, ONGs e saúde, movimentos populares por saúde, etc.",
    "Promoção e Educação em Saúde": "Refere-se às diferentes formas de organização da sociedade no enfrentamento de seus pro-blemas de ausência de atenção à saúde e ao meio ambiente pelos poderes públicos, aos direitos do consumidor e informação em saú-de, controle público sobre a utilização de re-cursos públicos do setor Saúde, cidadania e saúde, educação em saúde.Inclui subtemas como: participação popular, cidadania, educação política, metodologias da educação em saúde. movimento popular, comunicação social na saúde, advocacia em saúde, atividade física, empoderamento, esco-las promotoras de saúde, estilo de vida, mu-nicípios saudáveis/entornos saudáveis, parti-cipação social, reorganização dos serviços de saúde, campanhas sanitárias, etc.",
    "Recursos Humanos em Saúde Pública": "Refere-se à formação e capacitação de pessoal técnico especializado, necessário ao funciona-mento do sistema público de saúde local, es-tadual e nacional para as atividades de ação, regulação, controle e ﬁ scalização, administra-ção, gerenciamento e gestão, pesquisa, ensino e treinamento de pessoal.Inclui subtemas como: carreira de proﬁ ssio-nais em saúde, desenvolvimento de recursos humanos em saúde, educação à distância, educação permanente, formação e capacitação em saúde, política de recursos humanos, etc.",
    "Saúde Animal": "Refere-se aos cuidados e atenção à saúde dos animais, particularmente os de convívio hu-mano ou como fonte alimentar para o consu-mo humano.Inclui subtemas como: vacinação e controle de animais de convívio com humanos, ali-mentação e nutrição animal, doenças ocu-pacionais derivadas de contato com animais, vigilância de portos, aeroportos e zonas de fronteira na comercialização e circulação de animais, zoonoses e impactos à saúde huma-na derivados da cadeia alimentar, etc.",
    "Vigilância em Saúde": "Refere-se à proteção e à promoção da saúde da população por meio da segurança sanitária de produtos, comercialização e serviços ofertados. Abrange: ambientes, processos de produção de insumos e tecnologias a ela relacionadas, vigilância de alimentos, cosméticos, deriva-dos de tabaco, farmacovigilância, monitora-mento de mercado, portos, aeroportos, zonas de fronteiras, produtos para saúde, saneantes, sangue e derivados, serviços de saúde, tecno-vigilância, toxicologia, campanhas sanitárias.Inclui subtemas como: vigilância epidemio-lógica, doenças de notiﬁ cação compulsória, infecção hospitalar, vigilância alimentar e nu-tricional, vigilância sanitária, vigilância de san-gue e hemoderivados, vigilância de alimentos, vigilância de medicamentos, controle e quali-dade de vacinas, vigilância de serviços de saú-de, vigilância de saneantes e domissanitários, vigilância de correlatos, vigilância de cosmé-ticos, vigilância de saúde do trabalhador, etc."
}